--
-- PostgreSQL database dump
--

\restrict Xqt8cpiPoiPv3Ep3DQgTa4YKEULzmkLX7DUEint06i3SxR01oACKwENvsqU14CM

-- Dumped from database version 15.15
-- Dumped by pg_dump version 15.15

SET statement_timeout = 0;
SET lock_timeout = 0;
SET idle_in_transaction_session_timeout = 0;
SET client_encoding = 'UTF8';
SET standard_conforming_strings = on;
SELECT pg_catalog.set_config('search_path', '', false);
SET check_function_bodies = false;
SET xmloption = content;
SET client_min_messages = warning;
SET row_security = off;

--
-- Name: public; Type: SCHEMA; Schema: -; Owner: applizor
--

-- *not* creating schema, since initdb creates it


ALTER SCHEMA public OWNER TO applizor;

--
-- Name: SCHEMA public; Type: COMMENT; Schema: -; Owner: applizor
--

COMMENT ON SCHEMA public IS '';


SET default_tablespace = '';

SET default_table_access_method = heap;

--
-- Name: Account; Type: TABLE; Schema: public; Owner: applizor
--

CREATE TABLE public."Account" (
    id text NOT NULL,
    code text NOT NULL,
    name text NOT NULL,
    type text NOT NULL,
    "parentId" text,
    "isActive" boolean DEFAULT true NOT NULL,
    "createdAt" timestamp(3) without time zone DEFAULT CURRENT_TIMESTAMP NOT NULL,
    "updatedAt" timestamp(3) without time zone NOT NULL
);


ALTER TABLE public."Account" OWNER TO applizor;

--
-- Name: Asset; Type: TABLE; Schema: public; Owner: applizor
--

CREATE TABLE public."Asset" (
    id text NOT NULL,
    "companyId" text NOT NULL,
    name text NOT NULL,
    type text NOT NULL,
    "serialNumber" text,
    status text DEFAULT 'Available'::text NOT NULL,
    "purchaseDate" timestamp(3) without time zone,
    price double precision,
    "employeeId" text,
    "assignedDate" timestamp(3) without time zone,
    "createdAt" timestamp(3) without time zone DEFAULT CURRENT_TIMESTAMP NOT NULL,
    "updatedAt" timestamp(3) without time zone NOT NULL
);


ALTER TABLE public."Asset" OWNER TO applizor;

--
-- Name: Attendance; Type: TABLE; Schema: public; Owner: applizor
--

CREATE TABLE public."Attendance" (
    id text NOT NULL,
    "employeeId" text NOT NULL,
    date date NOT NULL,
    "checkIn" timestamp(3) without time zone,
    "checkOut" timestamp(3) without time zone,
    status text DEFAULT 'present'::text NOT NULL,
    "ipAddress" text,
    location text,
    notes text,
    "createdAt" timestamp(3) without time zone DEFAULT CURRENT_TIMESTAMP NOT NULL,
    "updatedAt" timestamp(3) without time zone NOT NULL
);


ALTER TABLE public."Attendance" OWNER TO applizor;

--
-- Name: AuditLog; Type: TABLE; Schema: public; Owner: applizor
--

CREATE TABLE public."AuditLog" (
    id text NOT NULL,
    "companyId" text,
    "userId" text,
    action text NOT NULL,
    module text NOT NULL,
    "entityType" text,
    "entityId" text,
    details text,
    changes jsonb,
    "ipAddress" text,
    "userAgent" text,
    "createdAt" timestamp(3) without time zone DEFAULT CURRENT_TIMESTAMP NOT NULL
);


ALTER TABLE public."AuditLog" OWNER TO applizor;

--
-- Name: Branch; Type: TABLE; Schema: public; Owner: applizor
--

CREATE TABLE public."Branch" (
    id text NOT NULL,
    "companyId" text NOT NULL,
    name text NOT NULL,
    code text,
    address text,
    city text,
    state text,
    country text DEFAULT 'India'::text NOT NULL,
    pincode text,
    phone text,
    email text,
    "isActive" boolean DEFAULT true NOT NULL,
    "createdAt" timestamp(3) without time zone DEFAULT CURRENT_TIMESTAMP NOT NULL,
    "updatedAt" timestamp(3) without time zone NOT NULL
);


ALTER TABLE public."Branch" OWNER TO applizor;

--
-- Name: Candidate; Type: TABLE; Schema: public; Owner: applizor
--

CREATE TABLE public."Candidate" (
    id text NOT NULL,
    "companyId" text NOT NULL,
    "jobOpeningId" text,
    "firstName" text NOT NULL,
    "lastName" text NOT NULL,
    email text NOT NULL,
    phone text,
    "resumePath" text,
    status text DEFAULT 'applied'::text NOT NULL,
    "currentStage" text,
    notes text,
    rating double precision,
    "createdAt" timestamp(3) without time zone DEFAULT CURRENT_TIMESTAMP NOT NULL,
    "updatedAt" timestamp(3) without time zone NOT NULL
);


ALTER TABLE public."Candidate" OWNER TO applizor;

--
-- Name: Client; Type: TABLE; Schema: public; Owner: applizor
--

CREATE TABLE public."Client" (
    id text NOT NULL,
    "companyId" text NOT NULL,
    name text NOT NULL,
    email text,
    phone text,
    address text,
    city text,
    state text,
    country text DEFAULT 'India'::text NOT NULL,
    pincode text,
    gstin text,
    pan text,
    status text DEFAULT 'active'::text NOT NULL,
    "clientType" text DEFAULT 'customer'::text NOT NULL,
    "createdAt" timestamp(3) without time zone DEFAULT CURRENT_TIMESTAMP NOT NULL,
    "updatedAt" timestamp(3) without time zone NOT NULL,
    password text,
    "portalAccess" boolean DEFAULT false NOT NULL,
    "lastLogin" timestamp(3) without time zone
);


ALTER TABLE public."Client" OWNER TO applizor;

--
-- Name: Company; Type: TABLE; Schema: public; Owner: applizor
--

CREATE TABLE public."Company" (
    id text NOT NULL,
    name text NOT NULL,
    "legalName" text,
    email text,
    phone text,
    address text,
    city text,
    state text,
    country text DEFAULT 'India'::text NOT NULL,
    pincode text,
    gstin text,
    pan text,
    logo text,
    "letterheadDoc" text,
    "allowedIPs" text,
    latitude double precision,
    longitude double precision,
    radius integer DEFAULT 100 NOT NULL,
    "isActive" boolean DEFAULT true NOT NULL,
    "enabledModules" jsonb,
    "createdAt" timestamp(3) without time zone DEFAULT CURRENT_TIMESTAMP NOT NULL,
    "updatedAt" timestamp(3) without time zone NOT NULL,
    currency text DEFAULT 'USD'::text NOT NULL,
    tan text
);


ALTER TABLE public."Company" OWNER TO applizor;

--
-- Name: Department; Type: TABLE; Schema: public; Owner: applizor
--

CREATE TABLE public."Department" (
    id text NOT NULL,
    "companyId" text NOT NULL,
    name text NOT NULL,
    description text,
    "isActive" boolean DEFAULT true NOT NULL,
    "createdAt" timestamp(3) without time zone DEFAULT CURRENT_TIMESTAMP NOT NULL,
    "updatedAt" timestamp(3) without time zone NOT NULL
);


ALTER TABLE public."Department" OWNER TO applizor;

--
-- Name: Document; Type: TABLE; Schema: public; Owner: applizor
--

CREATE TABLE public."Document" (
    id text NOT NULL,
    "companyId" text,
    "clientId" text,
    "invoiceId" text,
    "employeeId" text,
    "projectId" text,
    name text NOT NULL,
    type text NOT NULL,
    category text,
    "filePath" text NOT NULL,
    "fileSize" integer,
    "mimeType" text,
    version integer DEFAULT 1 NOT NULL,
    "isTemplate" boolean DEFAULT false NOT NULL,
    tags text[],
    metadata jsonb,
    "createdAt" timestamp(3) without time zone DEFAULT CURRENT_TIMESTAMP NOT NULL,
    "updatedAt" timestamp(3) without time zone NOT NULL
);


ALTER TABLE public."Document" OWNER TO applizor;

--
-- Name: DocumentTemplate; Type: TABLE; Schema: public; Owner: applizor
--

CREATE TABLE public."DocumentTemplate" (
    id text NOT NULL,
    "companyId" text NOT NULL,
    name text NOT NULL,
    description text,
    type text NOT NULL,
    "filePath" text NOT NULL,
    "letterheadMode" text DEFAULT 'NONE'::text NOT NULL,
    "isActive" boolean DEFAULT true NOT NULL,
    "createdAt" timestamp(3) without time zone DEFAULT CURRENT_TIMESTAMP NOT NULL,
    "updatedAt" timestamp(3) without time zone NOT NULL
);


ALTER TABLE public."DocumentTemplate" OWNER TO applizor;

--
-- Name: EmailTemplate; Type: TABLE; Schema: public; Owner: applizor
--

CREATE TABLE public."EmailTemplate" (
    id text NOT NULL,
    "companyId" text NOT NULL,
    name text NOT NULL,
    subject text NOT NULL,
    body text NOT NULL,
    type text NOT NULL,
    "isActive" boolean DEFAULT true NOT NULL,
    "createdAt" timestamp(3) without time zone DEFAULT CURRENT_TIMESTAMP NOT NULL,
    "updatedAt" timestamp(3) without time zone NOT NULL
);


ALTER TABLE public."EmailTemplate" OWNER TO applizor;

--
-- Name: Employee; Type: TABLE; Schema: public; Owner: applizor
--

CREATE TABLE public."Employee" (
    id text NOT NULL,
    "companyId" text NOT NULL,
    "userId" text,
    "employeeId" text NOT NULL,
    "firstName" text NOT NULL,
    "lastName" text NOT NULL,
    email text NOT NULL,
    phone text,
    gender text,
    "bloodGroup" text,
    "maritalStatus" text,
    "dateOfBirth" timestamp(3) without time zone,
    "dateOfJoining" timestamp(3) without time zone NOT NULL,
    "currentAddress" text,
    "permanentAddress" text,
    "emergencyContact" jsonb,
    "bankName" text,
    "accountNumber" text,
    "ifscCode" text,
    "panNumber" text,
    "aadhaarNumber" text,
    "departmentId" text,
    "positionId" text,
    "shiftId" text,
    salary numeric(12,2),
    "salaryStructure" jsonb,
    status text DEFAULT 'active'::text NOT NULL,
    "createdAt" timestamp(3) without time zone DEFAULT CURRENT_TIMESTAMP NOT NULL,
    "updatedAt" timestamp(3) without time zone NOT NULL,
    "createdById" text,
    "employmentType" text,
    "hourlyRate" numeric(10,2),
    "noticePeriodEndDate" timestamp(3) without time zone,
    "noticePeriodStartDate" timestamp(3) without time zone,
    "probationEndDate" timestamp(3) without time zone,
    skills jsonb,
    "slackMemberId" text
);


ALTER TABLE public."Employee" OWNER TO applizor;

--
-- Name: EmployeeLeaveBalance; Type: TABLE; Schema: public; Owner: applizor
--

CREATE TABLE public."EmployeeLeaveBalance" (
    id text NOT NULL,
    "employeeId" text NOT NULL,
    "leaveTypeId" text NOT NULL,
    year integer NOT NULL,
    allocated double precision DEFAULT 0 NOT NULL,
    "carriedOver" double precision DEFAULT 0 NOT NULL,
    used double precision DEFAULT 0 NOT NULL,
    "createdAt" timestamp(3) without time zone DEFAULT CURRENT_TIMESTAMP NOT NULL,
    "updatedAt" timestamp(3) without time zone NOT NULL
);


ALTER TABLE public."EmployeeLeaveBalance" OWNER TO applizor;

--
-- Name: EmployeeSalaryComponent; Type: TABLE; Schema: public; Owner: applizor
--

CREATE TABLE public."EmployeeSalaryComponent" (
    id text NOT NULL,
    "structureId" text NOT NULL,
    "componentId" text NOT NULL,
    "monthlyAmount" numeric(12,2) NOT NULL
);


ALTER TABLE public."EmployeeSalaryComponent" OWNER TO applizor;

--
-- Name: EmployeeSalaryStructure; Type: TABLE; Schema: public; Owner: applizor
--

CREATE TABLE public."EmployeeSalaryStructure" (
    id text NOT NULL,
    "employeeId" text NOT NULL,
    "netSalary" numeric(12,2) NOT NULL,
    ctc numeric(12,2) NOT NULL,
    "effectiveDate" timestamp(3) without time zone DEFAULT CURRENT_TIMESTAMP NOT NULL,
    "createdAt" timestamp(3) without time zone DEFAULT CURRENT_TIMESTAMP NOT NULL,
    "updatedAt" timestamp(3) without time zone NOT NULL
);


ALTER TABLE public."EmployeeSalaryStructure" OWNER TO applizor;

--
-- Name: Estimate; Type: TABLE; Schema: public; Owner: applizor
--

CREATE TABLE public."Estimate" (
    id text NOT NULL,
    "companyId" text NOT NULL,
    "leadId" text,
    title text NOT NULL,
    description text,
    "estimatedValue" numeric(12,2) NOT NULL,
    timeframe text,
    status text DEFAULT 'draft'::text NOT NULL,
    "convertedToQuotationId" text,
    "createdAt" timestamp(3) without time zone DEFAULT CURRENT_TIMESTAMP NOT NULL,
    "updatedAt" timestamp(3) without time zone NOT NULL
);


ALTER TABLE public."Estimate" OWNER TO applizor;

--
-- Name: Holiday; Type: TABLE; Schema: public; Owner: applizor
--

CREATE TABLE public."Holiday" (
    id text NOT NULL,
    name text NOT NULL,
    date date NOT NULL,
    type text DEFAULT 'national'::text NOT NULL,
    "isActive" boolean DEFAULT true NOT NULL,
    "createdAt" timestamp(3) without time zone DEFAULT CURRENT_TIMESTAMP NOT NULL,
    "updatedAt" timestamp(3) without time zone NOT NULL
);


ALTER TABLE public."Holiday" OWNER TO applizor;

--
-- Name: Interview; Type: TABLE; Schema: public; Owner: applizor
--

CREATE TABLE public."Interview" (
    id text NOT NULL,
    "candidateId" text NOT NULL,
    round integer NOT NULL,
    type text NOT NULL,
    "scheduledAt" timestamp(3) without time zone NOT NULL,
    interviewer text,
    feedback text,
    rating integer,
    status text DEFAULT 'scheduled'::text NOT NULL,
    "createdAt" timestamp(3) without time zone DEFAULT CURRENT_TIMESTAMP NOT NULL,
    "updatedAt" timestamp(3) without time zone NOT NULL
);


ALTER TABLE public."Interview" OWNER TO applizor;

--
-- Name: InterviewScorecard; Type: TABLE; Schema: public; Owner: applizor
--

CREATE TABLE public."InterviewScorecard" (
    id text NOT NULL,
    "interviewId" text NOT NULL,
    technical integer DEFAULT 0 NOT NULL,
    communication integer DEFAULT 0 NOT NULL,
    "problemSolving" integer DEFAULT 0 NOT NULL,
    "cultureFit" integer DEFAULT 0 NOT NULL,
    comments text,
    "submittedBy" text,
    "createdAt" timestamp(3) without time zone DEFAULT CURRENT_TIMESTAMP NOT NULL
);


ALTER TABLE public."InterviewScorecard" OWNER TO applizor;

--
-- Name: Invoice; Type: TABLE; Schema: public; Owner: applizor
--

CREATE TABLE public."Invoice" (
    id text NOT NULL,
    "companyId" text NOT NULL,
    "clientId" text NOT NULL,
    "invoiceNumber" text NOT NULL,
    "invoiceDate" date NOT NULL,
    "dueDate" date NOT NULL,
    status text DEFAULT 'draft'::text NOT NULL,
    type text DEFAULT 'invoice'::text NOT NULL,
    currency text DEFAULT 'USD'::text NOT NULL,
    terms text,
    subtotal numeric(12,2) NOT NULL,
    tax numeric(12,2) DEFAULT 0 NOT NULL,
    discount numeric(12,2) DEFAULT 0 NOT NULL,
    total numeric(12,2) NOT NULL,
    "paidAmount" numeric(12,2) DEFAULT 0 NOT NULL,
    "isRecurring" boolean DEFAULT false NOT NULL,
    "recurringId" text,
    notes text,
    "pdfPath" text,
    "createdAt" timestamp(3) without time zone DEFAULT CURRENT_TIMESTAMP NOT NULL,
    "updatedAt" timestamp(3) without time zone NOT NULL
);


ALTER TABLE public."Invoice" OWNER TO applizor;

--
-- Name: InvoiceItem; Type: TABLE; Schema: public; Owner: applizor
--

CREATE TABLE public."InvoiceItem" (
    id text NOT NULL,
    "invoiceId" text NOT NULL,
    description text NOT NULL,
    "hsnCode" text,
    quantity numeric(10,2) NOT NULL,
    rate numeric(12,2) NOT NULL,
    "taxRate" numeric(5,2) DEFAULT 0 NOT NULL,
    amount numeric(12,2) NOT NULL,
    "createdAt" timestamp(3) without time zone DEFAULT CURRENT_TIMESTAMP NOT NULL
);


ALTER TABLE public."InvoiceItem" OWNER TO applizor;

--
-- Name: JobOpening; Type: TABLE; Schema: public; Owner: applizor
--

CREATE TABLE public."JobOpening" (
    id text NOT NULL,
    "companyId" text NOT NULL,
    title text NOT NULL,
    department text,
    "position" text,
    description text,
    requirements text,
    status text DEFAULT 'open'::text NOT NULL,
    "createdAt" timestamp(3) without time zone DEFAULT CURRENT_TIMESTAMP NOT NULL,
    "updatedAt" timestamp(3) without time zone NOT NULL
);


ALTER TABLE public."JobOpening" OWNER TO applizor;

--
-- Name: JournalEntry; Type: TABLE; Schema: public; Owner: applizor
--

CREATE TABLE public."JournalEntry" (
    id text NOT NULL,
    "companyId" text NOT NULL,
    date date NOT NULL,
    reference text,
    description text,
    status text DEFAULT 'draft'::text NOT NULL,
    "createdAt" timestamp(3) without time zone DEFAULT CURRENT_TIMESTAMP NOT NULL,
    "updatedAt" timestamp(3) without time zone NOT NULL
);


ALTER TABLE public."JournalEntry" OWNER TO applizor;

--
-- Name: JournalEntryLine; Type: TABLE; Schema: public; Owner: applizor
--

CREATE TABLE public."JournalEntryLine" (
    id text NOT NULL,
    "journalEntryId" text NOT NULL,
    "accountId" text NOT NULL,
    debit numeric(15,2) DEFAULT 0 NOT NULL,
    credit numeric(15,2) DEFAULT 0 NOT NULL,
    description text
);


ALTER TABLE public."JournalEntryLine" OWNER TO applizor;

--
-- Name: Lead; Type: TABLE; Schema: public; Owner: applizor
--

CREATE TABLE public."Lead" (
    id text NOT NULL,
    "companyId" text NOT NULL,
    name text NOT NULL,
    email text,
    phone text,
    company text,
    source text,
    status text DEFAULT 'new'::text NOT NULL,
    stage text DEFAULT 'lead'::text NOT NULL,
    value numeric(12,2),
    notes text,
    "assignedTo" text,
    "createdAt" timestamp(3) without time zone DEFAULT CURRENT_TIMESTAMP NOT NULL,
    "updatedAt" timestamp(3) without time zone NOT NULL,
    "assignedAt" timestamp(3) without time zone,
    "convertedAt" timestamp(3) without time zone,
    "convertedToClientId" text,
    "createdBy" text,
    industry text,
    "jobTitle" text,
    "lastContactedAt" timestamp(3) without time zone,
    "nextFollowUpAt" timestamp(3) without time zone,
    priority text DEFAULT 'medium'::text NOT NULL,
    probability integer DEFAULT 0 NOT NULL,
    "sourceDetails" text,
    tags text[] DEFAULT ARRAY[]::text[],
    website text
);


ALTER TABLE public."Lead" OWNER TO applizor;

--
-- Name: LeadActivity; Type: TABLE; Schema: public; Owner: applizor
--

CREATE TABLE public."LeadActivity" (
    id text NOT NULL,
    "leadId" text NOT NULL,
    type text NOT NULL,
    title text NOT NULL,
    description text,
    outcome text,
    "scheduledAt" timestamp(3) without time zone,
    "completedAt" timestamp(3) without time zone,
    "dueDate" timestamp(3) without time zone,
    "reminderSent" boolean DEFAULT false NOT NULL,
    "reminderTime" timestamp(3) without time zone,
    "assignedTo" text,
    "createdBy" text NOT NULL,
    status text DEFAULT 'pending'::text NOT NULL,
    "createdAt" timestamp(3) without time zone DEFAULT CURRENT_TIMESTAMP NOT NULL,
    "updatedAt" timestamp(3) without time zone NOT NULL
);


ALTER TABLE public."LeadActivity" OWNER TO applizor;

--
-- Name: LeaveAccrual; Type: TABLE; Schema: public; Owner: applizor
--

CREATE TABLE public."LeaveAccrual" (
    id text NOT NULL,
    "employeeId" text NOT NULL,
    "leaveTypeId" text NOT NULL,
    year integer NOT NULL,
    month integer NOT NULL,
    "accruedDays" double precision NOT NULL,
    "totalAccrued" double precision NOT NULL,
    "createdAt" timestamp(3) without time zone DEFAULT CURRENT_TIMESTAMP NOT NULL
);


ALTER TABLE public."LeaveAccrual" OWNER TO applizor;

--
-- Name: LeaveRequest; Type: TABLE; Schema: public; Owner: applizor
--

CREATE TABLE public."LeaveRequest" (
    id text NOT NULL,
    "employeeId" text NOT NULL,
    "leaveTypeId" text NOT NULL,
    "startDate" date NOT NULL,
    "endDate" date NOT NULL,
    days double precision NOT NULL,
    reason text,
    status text DEFAULT 'pending'::text NOT NULL,
    "approvedBy" text,
    "approvedAt" timestamp(3) without time zone,
    "createdAt" timestamp(3) without time zone DEFAULT CURRENT_TIMESTAMP NOT NULL,
    "updatedAt" timestamp(3) without time zone NOT NULL,
    "assignedBy" text,
    "attachmentPath" text,
    "durationType" text DEFAULT 'full'::text NOT NULL,
    category text,
    "lopDays" double precision DEFAULT 0 NOT NULL
);


ALTER TABLE public."LeaveRequest" OWNER TO applizor;

--
-- Name: LeaveType; Type: TABLE; Schema: public; Owner: applizor
--

CREATE TABLE public."LeaveType" (
    id text NOT NULL,
    name text NOT NULL,
    days integer DEFAULT 0 NOT NULL,
    "isPaid" boolean DEFAULT true NOT NULL,
    description text,
    "createdAt" timestamp(3) without time zone DEFAULT CURRENT_TIMESTAMP NOT NULL,
    "updatedAt" timestamp(3) without time zone NOT NULL,
    frequency text DEFAULT 'yearly'::text NOT NULL,
    "carryForward" boolean DEFAULT true NOT NULL,
    "maxCarryForward" integer DEFAULT 0 NOT NULL,
    "monthlyLimit" integer DEFAULT 0 NOT NULL,
    "accrualRate" double precision DEFAULT 0 NOT NULL,
    "accrualStartMonth" integer DEFAULT 1 NOT NULL,
    "accrualType" text DEFAULT 'yearly'::text NOT NULL,
    color text DEFAULT '#3B82F6'::text NOT NULL,
    "departmentIds" text[] DEFAULT ARRAY[]::text[],
    "employmentStatus" text[] DEFAULT ARRAY[]::text[],
    encashable boolean DEFAULT false NOT NULL,
    "maxAccrual" double precision DEFAULT 0 NOT NULL,
    "maxConsecutiveDays" integer DEFAULT 0 NOT NULL,
    "minServiceDays" integer DEFAULT 0 NOT NULL,
    "positionIds" text[] DEFAULT ARRAY[]::text[],
    "proofRequired" boolean DEFAULT false NOT NULL,
    "sandwichRule" boolean DEFAULT false NOT NULL,
    "policySettings" jsonb,
    "confirmationBonus" double precision DEFAULT 0 NOT NULL,
    "probationQuota" double precision DEFAULT 0 NOT NULL,
    "quarterlyLimit" integer DEFAULT 0 NOT NULL
);


ALTER TABLE public."LeaveType" OWNER TO applizor;

--
-- Name: LedgerAccount; Type: TABLE; Schema: public; Owner: applizor
--

CREATE TABLE public."LedgerAccount" (
    id text NOT NULL,
    "companyId" text NOT NULL,
    code text NOT NULL,
    name text NOT NULL,
    type text NOT NULL,
    balance numeric(15,2) DEFAULT 0 NOT NULL,
    "isActive" boolean DEFAULT true NOT NULL,
    "createdAt" timestamp(3) without time zone DEFAULT CURRENT_TIMESTAMP NOT NULL,
    "updatedAt" timestamp(3) without time zone NOT NULL
);


ALTER TABLE public."LedgerAccount" OWNER TO applizor;

--
-- Name: OfferLetter; Type: TABLE; Schema: public; Owner: applizor
--

CREATE TABLE public."OfferLetter" (
    id text NOT NULL,
    "candidateId" text NOT NULL,
    "position" text NOT NULL,
    department text,
    salary numeric(12,2) NOT NULL,
    "startDate" date NOT NULL,
    status text DEFAULT 'pending'::text NOT NULL,
    "documentPath" text,
    "createdAt" timestamp(3) without time zone DEFAULT CURRENT_TIMESTAMP NOT NULL,
    "updatedAt" timestamp(3) without time zone NOT NULL
);


ALTER TABLE public."OfferLetter" OWNER TO applizor;

--
-- Name: Payment; Type: TABLE; Schema: public; Owner: applizor
--

CREATE TABLE public."Payment" (
    id text NOT NULL,
    "invoiceId" text,
    amount numeric(12,2) NOT NULL,
    "paymentDate" date NOT NULL,
    "paymentMethod" text NOT NULL,
    gateway text,
    "transactionId" text,
    "gatewayOrderId" text,
    status text DEFAULT 'pending'::text NOT NULL,
    notes text,
    "createdAt" timestamp(3) without time zone DEFAULT CURRENT_TIMESTAMP NOT NULL,
    "updatedAt" timestamp(3) without time zone NOT NULL
);


ALTER TABLE public."Payment" OWNER TO applizor;

--
-- Name: Payroll; Type: TABLE; Schema: public; Owner: applizor
--

CREATE TABLE public."Payroll" (
    id text NOT NULL,
    "employeeId" text NOT NULL,
    month integer NOT NULL,
    year integer NOT NULL,
    "basicSalary" numeric(12,2) NOT NULL,
    allowances numeric(12,2) DEFAULT 0 NOT NULL,
    deductions numeric(12,2) DEFAULT 0 NOT NULL,
    "earningsBreakdown" jsonb,
    "deductionsBreakdown" jsonb,
    "grossSalary" numeric(12,2) NOT NULL,
    "netSalary" numeric(12,2) NOT NULL,
    status text DEFAULT 'draft'::text NOT NULL,
    "processedAt" timestamp(3) without time zone,
    "createdAt" timestamp(3) without time zone DEFAULT CURRENT_TIMESTAMP NOT NULL,
    "updatedAt" timestamp(3) without time zone NOT NULL
);


ALTER TABLE public."Payroll" OWNER TO applizor;

--
-- Name: Position; Type: TABLE; Schema: public; Owner: applizor
--

CREATE TABLE public."Position" (
    id text NOT NULL,
    "departmentId" text NOT NULL,
    title text NOT NULL,
    description text,
    "isActive" boolean DEFAULT true NOT NULL,
    "createdAt" timestamp(3) without time zone DEFAULT CURRENT_TIMESTAMP NOT NULL,
    "updatedAt" timestamp(3) without time zone NOT NULL
);


ALTER TABLE public."Position" OWNER TO applizor;

--
-- Name: Project; Type: TABLE; Schema: public; Owner: applizor
--

CREATE TABLE public."Project" (
    id text NOT NULL,
    "companyId" text NOT NULL,
    "clientId" text,
    name text NOT NULL,
    description text,
    status text DEFAULT 'planning'::text NOT NULL,
    "startDate" timestamp(3) without time zone,
    "endDate" timestamp(3) without time zone,
    budget numeric(12,2),
    "isBillable" boolean DEFAULT true NOT NULL,
    "createdAt" timestamp(3) without time zone DEFAULT CURRENT_TIMESTAMP NOT NULL,
    "updatedAt" timestamp(3) without time zone NOT NULL
);


ALTER TABLE public."Project" OWNER TO applizor;

--
-- Name: Quotation; Type: TABLE; Schema: public; Owner: applizor
--

CREATE TABLE public."Quotation" (
    id text NOT NULL,
    "companyId" text NOT NULL,
    "leadId" text,
    "clientId" text,
    "quotationNumber" text NOT NULL,
    title text NOT NULL,
    description text,
    "quotationDate" date NOT NULL,
    "validUntil" date NOT NULL,
    status text DEFAULT 'draft'::text NOT NULL,
    subtotal numeric(12,2) NOT NULL,
    tax numeric(12,2) DEFAULT 0 NOT NULL,
    discount numeric(12,2) DEFAULT 0 NOT NULL,
    total numeric(12,2) NOT NULL,
    currency text DEFAULT 'INR'::text NOT NULL,
    "paymentTerms" text,
    "deliveryTerms" text,
    notes text,
    "pdfPath" text,
    "templateId" text,
    "publicToken" text,
    "publicExpiresAt" timestamp(3) without time zone,
    "isPublicEnabled" boolean DEFAULT false NOT NULL,
    "clientViewedAt" timestamp(3) without time zone,
    "clientAcceptedAt" timestamp(3) without time zone,
    "clientRejectedAt" timestamp(3) without time zone,
    "clientSignature" text,
    "clientEmail" text,
    "clientName" text,
    "clientComments" text,
    "signedPdfPath" text,
    "convertedToInvoiceId" text,
    "convertedAt" timestamp(3) without time zone,
    "createdBy" text,
    "assignedTo" text,
    "createdAt" timestamp(3) without time zone DEFAULT CURRENT_TIMESTAMP NOT NULL,
    "updatedAt" timestamp(3) without time zone NOT NULL
);


ALTER TABLE public."Quotation" OWNER TO applizor;

--
-- Name: QuotationItem; Type: TABLE; Schema: public; Owner: applizor
--

CREATE TABLE public."QuotationItem" (
    id text NOT NULL,
    "quotationId" text NOT NULL,
    description text NOT NULL,
    quantity numeric(10,2) NOT NULL,
    "unitPrice" numeric(12,2) NOT NULL,
    tax numeric(5,2) DEFAULT 0 NOT NULL,
    discount numeric(5,2) DEFAULT 0 NOT NULL,
    total numeric(12,2) NOT NULL
);


ALTER TABLE public."QuotationItem" OWNER TO applizor;

--
-- Name: Role; Type: TABLE; Schema: public; Owner: applizor
--

CREATE TABLE public."Role" (
    id text NOT NULL,
    name text NOT NULL,
    description text,
    "isSystem" boolean DEFAULT false NOT NULL,
    "createdAt" timestamp(3) without time zone DEFAULT CURRENT_TIMESTAMP NOT NULL,
    "updatedAt" timestamp(3) without time zone NOT NULL
);


ALTER TABLE public."Role" OWNER TO applizor;

--
-- Name: RolePermission; Type: TABLE; Schema: public; Owner: applizor
--

CREATE TABLE public."RolePermission" (
    id text NOT NULL,
    "roleId" text NOT NULL,
    "createdAt" timestamp(3) without time zone DEFAULT CURRENT_TIMESTAMP NOT NULL,
    "createLevel" text DEFAULT 'none'::text NOT NULL,
    "deleteLevel" text DEFAULT 'none'::text NOT NULL,
    module text NOT NULL,
    "readLevel" text DEFAULT 'none'::text NOT NULL,
    "updateLevel" text DEFAULT 'none'::text NOT NULL
);


ALTER TABLE public."RolePermission" OWNER TO applizor;

--
-- Name: SalaryComponent; Type: TABLE; Schema: public; Owner: applizor
--

CREATE TABLE public."SalaryComponent" (
    id text NOT NULL,
    "companyId" text NOT NULL,
    name text NOT NULL,
    type text NOT NULL,
    "calculationType" text NOT NULL,
    "defaultValue" numeric(12,2) DEFAULT 0 NOT NULL,
    "isActive" boolean DEFAULT true NOT NULL,
    "createdAt" timestamp(3) without time zone DEFAULT CURRENT_TIMESTAMP NOT NULL,
    "updatedAt" timestamp(3) without time zone NOT NULL
);


ALTER TABLE public."SalaryComponent" OWNER TO applizor;

--
-- Name: SalesTarget; Type: TABLE; Schema: public; Owner: applizor
--

CREATE TABLE public."SalesTarget" (
    id text NOT NULL,
    "companyId" text NOT NULL,
    "employeeId" text NOT NULL,
    period text NOT NULL,
    "startDate" date NOT NULL,
    "endDate" date NOT NULL,
    "targetAmount" numeric(12,2) NOT NULL,
    "achievedAmount" numeric(12,2) DEFAULT 0 NOT NULL,
    status text DEFAULT 'active'::text NOT NULL,
    "createdAt" timestamp(3) without time zone DEFAULT CURRENT_TIMESTAMP NOT NULL,
    "updatedAt" timestamp(3) without time zone NOT NULL
);


ALTER TABLE public."SalesTarget" OWNER TO applizor;

--
-- Name: Shift; Type: TABLE; Schema: public; Owner: applizor
--

CREATE TABLE public."Shift" (
    id text NOT NULL,
    "companyId" text NOT NULL,
    name text NOT NULL,
    "startTime" text NOT NULL,
    "endTime" text NOT NULL,
    "breakDuration" integer DEFAULT 60 NOT NULL,
    "isActive" boolean DEFAULT true NOT NULL,
    "createdAt" timestamp(3) without time zone DEFAULT CURRENT_TIMESTAMP NOT NULL,
    "updatedAt" timestamp(3) without time zone NOT NULL,
    "workDays" jsonb
);


ALTER TABLE public."Shift" OWNER TO applizor;

--
-- Name: ShiftRoster; Type: TABLE; Schema: public; Owner: applizor
--

CREATE TABLE public."ShiftRoster" (
    id text NOT NULL,
    "employeeId" text NOT NULL,
    "shiftId" text NOT NULL,
    date date NOT NULL,
    "createdAt" timestamp(3) without time zone DEFAULT CURRENT_TIMESTAMP NOT NULL,
    "updatedAt" timestamp(3) without time zone NOT NULL
);


ALTER TABLE public."ShiftRoster" OWNER TO applizor;

--
-- Name: Subscription; Type: TABLE; Schema: public; Owner: applizor
--

CREATE TABLE public."Subscription" (
    id text NOT NULL,
    "companyId" text NOT NULL,
    "clientId" text NOT NULL,
    name text NOT NULL,
    plan text NOT NULL,
    amount numeric(12,2) NOT NULL,
    "billingCycle" text DEFAULT 'monthly'::text NOT NULL,
    "startDate" date NOT NULL,
    "endDate" date,
    status text DEFAULT 'active'::text NOT NULL,
    "nextBillingDate" timestamp(3) without time zone,
    "createdAt" timestamp(3) without time zone DEFAULT CURRENT_TIMESTAMP NOT NULL,
    "updatedAt" timestamp(3) without time zone NOT NULL
);


ALTER TABLE public."Subscription" OWNER TO applizor;

--
-- Name: Task; Type: TABLE; Schema: public; Owner: applizor
--

CREATE TABLE public."Task" (
    id text NOT NULL,
    "projectId" text NOT NULL,
    title text NOT NULL,
    description text,
    status text DEFAULT 'todo'::text NOT NULL,
    priority text DEFAULT 'medium'::text NOT NULL,
    "dueDate" timestamp(3) without time zone,
    "createdById" text NOT NULL,
    "assignedToId" text,
    "createdAt" timestamp(3) without time zone DEFAULT CURRENT_TIMESTAMP NOT NULL,
    "updatedAt" timestamp(3) without time zone NOT NULL
);


ALTER TABLE public."Task" OWNER TO applizor;

--
-- Name: Timesheet; Type: TABLE; Schema: public; Owner: applizor
--

CREATE TABLE public."Timesheet" (
    id text NOT NULL,
    "companyId" text NOT NULL,
    "projectId" text,
    "employeeId" text NOT NULL,
    date date NOT NULL,
    hours numeric(5,2) NOT NULL,
    "isBillable" boolean DEFAULT true NOT NULL,
    description text,
    "createdAt" timestamp(3) without time zone DEFAULT CURRENT_TIMESTAMP NOT NULL,
    "updatedAt" timestamp(3) without time zone NOT NULL
);


ALTER TABLE public."Timesheet" OWNER TO applizor;

--
-- Name: Transaction; Type: TABLE; Schema: public; Owner: applizor
--

CREATE TABLE public."Transaction" (
    id text NOT NULL,
    "accountId" text NOT NULL,
    date date NOT NULL,
    type text NOT NULL,
    amount numeric(12,2) NOT NULL,
    description text,
    reference text,
    "createdAt" timestamp(3) without time zone DEFAULT CURRENT_TIMESTAMP NOT NULL
);


ALTER TABLE public."Transaction" OWNER TO applizor;

--
-- Name: User; Type: TABLE; Schema: public; Owner: applizor
--

CREATE TABLE public."User" (
    id text NOT NULL,
    email text NOT NULL,
    password text NOT NULL,
    "firstName" text NOT NULL,
    "lastName" text NOT NULL,
    phone text,
    "isActive" boolean DEFAULT true NOT NULL,
    "lastLogin" timestamp(3) without time zone,
    "createdAt" timestamp(3) without time zone DEFAULT CURRENT_TIMESTAMP NOT NULL,
    "updatedAt" timestamp(3) without time zone NOT NULL,
    "resetToken" text,
    "resetTokenExpiry" timestamp(3) without time zone,
    "companyId" text
);


ALTER TABLE public."User" OWNER TO applizor;

--
-- Name: UserRole; Type: TABLE; Schema: public; Owner: applizor
--

CREATE TABLE public."UserRole" (
    id text NOT NULL,
    "userId" text NOT NULL,
    "roleId" text NOT NULL,
    "createdAt" timestamp(3) without time zone DEFAULT CURRENT_TIMESTAMP NOT NULL
);


ALTER TABLE public."UserRole" OWNER TO applizor;

--
-- Name: _prisma_migrations; Type: TABLE; Schema: public; Owner: applizor
--

CREATE TABLE public._prisma_migrations (
    id character varying(36) NOT NULL,
    checksum character varying(64) NOT NULL,
    finished_at timestamp with time zone,
    migration_name character varying(255) NOT NULL,
    logs text,
    rolled_back_at timestamp with time zone,
    started_at timestamp with time zone DEFAULT now() NOT NULL,
    applied_steps_count integer DEFAULT 0 NOT NULL
);


ALTER TABLE public._prisma_migrations OWNER TO applizor;

--
-- Name: quotation_templates; Type: TABLE; Schema: public; Owner: applizor
--

CREATE TABLE public.quotation_templates (
    id text NOT NULL,
    "companyId" text NOT NULL,
    name text NOT NULL,
    description text,
    category text,
    title text NOT NULL,
    "templateDescription" text NOT NULL,
    "paymentTerms" text,
    "deliveryTerms" text,
    notes text,
    items jsonb NOT NULL,
    "isActive" boolean DEFAULT true NOT NULL,
    "usageCount" integer DEFAULT 0 NOT NULL,
    "createdBy" text,
    "createdAt" timestamp(3) without time zone DEFAULT CURRENT_TIMESTAMP NOT NULL,
    "updatedAt" timestamp(3) without time zone NOT NULL
);


ALTER TABLE public.quotation_templates OWNER TO applizor;

--
-- Data for Name: Account; Type: TABLE DATA; Schema: public; Owner: applizor
--

COPY public."Account" (id, code, name, type, "parentId", "isActive", "createdAt", "updatedAt") FROM stdin;
\.


--
-- Data for Name: Asset; Type: TABLE DATA; Schema: public; Owner: applizor
--

COPY public."Asset" (id, "companyId", name, type, "serialNumber", status, "purchaseDate", price, "employeeId", "assignedDate", "createdAt", "updatedAt") FROM stdin;
\.


--
-- Data for Name: Attendance; Type: TABLE DATA; Schema: public; Owner: applizor
--

COPY public."Attendance" (id, "employeeId", date, "checkIn", "checkOut", status, "ipAddress", location, notes, "createdAt", "updatedAt") FROM stdin;
\.


--
-- Data for Name: AuditLog; Type: TABLE DATA; Schema: public; Owner: applizor
--

COPY public."AuditLog" (id, "companyId", "userId", action, module, "entityType", "entityId", details, changes, "ipAddress", "userAgent", "createdAt") FROM stdin;
5b6b9561-99bf-427c-9936-fb65795150ed	\N	\N	LOGIN	AUTH	User	baece954-9db8-4009-ab72-67a7bd628fe0	User logged in successfully	\N	::ffff:192.168.65.1	Mozilla/5.0 (Macintosh; Intel Mac OS X 10_15_7) AppleWebKit/537.36 (KHTML, like Gecko) Chrome/143.0.0.0 Safari/537.36	2026-01-21 10:07:40.404
\.


--
-- Data for Name: Branch; Type: TABLE DATA; Schema: public; Owner: applizor
--

COPY public."Branch" (id, "companyId", name, code, address, city, state, country, pincode, phone, email, "isActive", "createdAt", "updatedAt") FROM stdin;
\.


--
-- Data for Name: Candidate; Type: TABLE DATA; Schema: public; Owner: applizor
--

COPY public."Candidate" (id, "companyId", "jobOpeningId", "firstName", "lastName", email, phone, "resumePath", status, "currentStage", notes, rating, "createdAt", "updatedAt") FROM stdin;
\.


--
-- Data for Name: Client; Type: TABLE DATA; Schema: public; Owner: applizor
--

COPY public."Client" (id, "companyId", name, email, phone, address, city, state, country, pincode, gstin, pan, status, "clientType", "createdAt", "updatedAt", password, "portalAccess", "lastLogin") FROM stdin;
\.


--
-- Data for Name: Company; Type: TABLE DATA; Schema: public; Owner: applizor
--

COPY public."Company" (id, name, "legalName", email, phone, address, city, state, country, pincode, gstin, pan, logo, "letterheadDoc", "allowedIPs", latitude, longitude, radius, "isActive", "enabledModules", "createdAt", "updatedAt", currency, tan) FROM stdin;
7890807c-29a0-403c-b42c-bfc35c4d7b6f	Applizor Softech LLP	Applizor Softech LLP	connect@applizor.com	9130309480	209, WARD NO 7, VISHWAKARMA MUHALLA, GARROLI	Chhatarpur	Madhya Pradesh	India	471201	\N	\N	\N	\N	\N	\N	\N	100	t	\N	2026-01-21 10:07:29.099	2026-01-21 10:07:29.099	INR	\N
\.


--
-- Data for Name: Department; Type: TABLE DATA; Schema: public; Owner: applizor
--

COPY public."Department" (id, "companyId", name, description, "isActive", "createdAt", "updatedAt") FROM stdin;
\.


--
-- Data for Name: Document; Type: TABLE DATA; Schema: public; Owner: applizor
--

COPY public."Document" (id, "companyId", "clientId", "invoiceId", "employeeId", "projectId", name, type, category, "filePath", "fileSize", "mimeType", version, "isTemplate", tags, metadata, "createdAt", "updatedAt") FROM stdin;
\.


--
-- Data for Name: DocumentTemplate; Type: TABLE DATA; Schema: public; Owner: applizor
--

COPY public."DocumentTemplate" (id, "companyId", name, description, type, "filePath", "letterheadMode", "isActive", "createdAt", "updatedAt") FROM stdin;
\.


--
-- Data for Name: EmailTemplate; Type: TABLE DATA; Schema: public; Owner: applizor
--

COPY public."EmailTemplate" (id, "companyId", name, subject, body, type, "isActive", "createdAt", "updatedAt") FROM stdin;
\.


--
-- Data for Name: Employee; Type: TABLE DATA; Schema: public; Owner: applizor
--

COPY public."Employee" (id, "companyId", "userId", "employeeId", "firstName", "lastName", email, phone, gender, "bloodGroup", "maritalStatus", "dateOfBirth", "dateOfJoining", "currentAddress", "permanentAddress", "emergencyContact", "bankName", "accountNumber", "ifscCode", "panNumber", "aadhaarNumber", "departmentId", "positionId", "shiftId", salary, "salaryStructure", status, "createdAt", "updatedAt", "createdById", "employmentType", "hourlyRate", "noticePeriodEndDate", "noticePeriodStartDate", "probationEndDate", skills, "slackMemberId") FROM stdin;
\.


--
-- Data for Name: EmployeeLeaveBalance; Type: TABLE DATA; Schema: public; Owner: applizor
--

COPY public."EmployeeLeaveBalance" (id, "employeeId", "leaveTypeId", year, allocated, "carriedOver", used, "createdAt", "updatedAt") FROM stdin;
\.


--
-- Data for Name: EmployeeSalaryComponent; Type: TABLE DATA; Schema: public; Owner: applizor
--

COPY public."EmployeeSalaryComponent" (id, "structureId", "componentId", "monthlyAmount") FROM stdin;
\.


--
-- Data for Name: EmployeeSalaryStructure; Type: TABLE DATA; Schema: public; Owner: applizor
--

COPY public."EmployeeSalaryStructure" (id, "employeeId", "netSalary", ctc, "effectiveDate", "createdAt", "updatedAt") FROM stdin;
\.


--
-- Data for Name: Estimate; Type: TABLE DATA; Schema: public; Owner: applizor
--

COPY public."Estimate" (id, "companyId", "leadId", title, description, "estimatedValue", timeframe, status, "convertedToQuotationId", "createdAt", "updatedAt") FROM stdin;
\.


--
-- Data for Name: Holiday; Type: TABLE DATA; Schema: public; Owner: applizor
--

COPY public."Holiday" (id, name, date, type, "isActive", "createdAt", "updatedAt") FROM stdin;
\.


--
-- Data for Name: Interview; Type: TABLE DATA; Schema: public; Owner: applizor
--

COPY public."Interview" (id, "candidateId", round, type, "scheduledAt", interviewer, feedback, rating, status, "createdAt", "updatedAt") FROM stdin;
\.


--
-- Data for Name: InterviewScorecard; Type: TABLE DATA; Schema: public; Owner: applizor
--

COPY public."InterviewScorecard" (id, "interviewId", technical, communication, "problemSolving", "cultureFit", comments, "submittedBy", "createdAt") FROM stdin;
\.


--
-- Data for Name: Invoice; Type: TABLE DATA; Schema: public; Owner: applizor
--

COPY public."Invoice" (id, "companyId", "clientId", "invoiceNumber", "invoiceDate", "dueDate", status, type, currency, terms, subtotal, tax, discount, total, "paidAmount", "isRecurring", "recurringId", notes, "pdfPath", "createdAt", "updatedAt") FROM stdin;
\.


--
-- Data for Name: InvoiceItem; Type: TABLE DATA; Schema: public; Owner: applizor
--

COPY public."InvoiceItem" (id, "invoiceId", description, "hsnCode", quantity, rate, "taxRate", amount, "createdAt") FROM stdin;
\.


--
-- Data for Name: JobOpening; Type: TABLE DATA; Schema: public; Owner: applizor
--

COPY public."JobOpening" (id, "companyId", title, department, "position", description, requirements, status, "createdAt", "updatedAt") FROM stdin;
\.


--
-- Data for Name: JournalEntry; Type: TABLE DATA; Schema: public; Owner: applizor
--

COPY public."JournalEntry" (id, "companyId", date, reference, description, status, "createdAt", "updatedAt") FROM stdin;
\.


--
-- Data for Name: JournalEntryLine; Type: TABLE DATA; Schema: public; Owner: applizor
--

COPY public."JournalEntryLine" (id, "journalEntryId", "accountId", debit, credit, description) FROM stdin;
\.


--
-- Data for Name: Lead; Type: TABLE DATA; Schema: public; Owner: applizor
--

COPY public."Lead" (id, "companyId", name, email, phone, company, source, status, stage, value, notes, "assignedTo", "createdAt", "updatedAt", "assignedAt", "convertedAt", "convertedToClientId", "createdBy", industry, "jobTitle", "lastContactedAt", "nextFollowUpAt", priority, probability, "sourceDetails", tags, website) FROM stdin;
\.


--
-- Data for Name: LeadActivity; Type: TABLE DATA; Schema: public; Owner: applizor
--

COPY public."LeadActivity" (id, "leadId", type, title, description, outcome, "scheduledAt", "completedAt", "dueDate", "reminderSent", "reminderTime", "assignedTo", "createdBy", status, "createdAt", "updatedAt") FROM stdin;
\.


--
-- Data for Name: LeaveAccrual; Type: TABLE DATA; Schema: public; Owner: applizor
--

COPY public."LeaveAccrual" (id, "employeeId", "leaveTypeId", year, month, "accruedDays", "totalAccrued", "createdAt") FROM stdin;
\.


--
-- Data for Name: LeaveRequest; Type: TABLE DATA; Schema: public; Owner: applizor
--

COPY public."LeaveRequest" (id, "employeeId", "leaveTypeId", "startDate", "endDate", days, reason, status, "approvedBy", "approvedAt", "createdAt", "updatedAt", "assignedBy", "attachmentPath", "durationType", category, "lopDays") FROM stdin;
\.


--
-- Data for Name: LeaveType; Type: TABLE DATA; Schema: public; Owner: applizor
--

COPY public."LeaveType" (id, name, days, "isPaid", description, "createdAt", "updatedAt", frequency, "carryForward", "maxCarryForward", "monthlyLimit", "accrualRate", "accrualStartMonth", "accrualType", color, "departmentIds", "employmentStatus", encashable, "maxAccrual", "maxConsecutiveDays", "minServiceDays", "positionIds", "proofRequired", "sandwichRule", "policySettings", "confirmationBonus", "probationQuota", "quarterlyLimit") FROM stdin;
\.


--
-- Data for Name: LedgerAccount; Type: TABLE DATA; Schema: public; Owner: applizor
--

COPY public."LedgerAccount" (id, "companyId", code, name, type, balance, "isActive", "createdAt", "updatedAt") FROM stdin;
\.


--
-- Data for Name: OfferLetter; Type: TABLE DATA; Schema: public; Owner: applizor
--

COPY public."OfferLetter" (id, "candidateId", "position", department, salary, "startDate", status, "documentPath", "createdAt", "updatedAt") FROM stdin;
\.


--
-- Data for Name: Payment; Type: TABLE DATA; Schema: public; Owner: applizor
--

COPY public."Payment" (id, "invoiceId", amount, "paymentDate", "paymentMethod", gateway, "transactionId", "gatewayOrderId", status, notes, "createdAt", "updatedAt") FROM stdin;
\.


--
-- Data for Name: Payroll; Type: TABLE DATA; Schema: public; Owner: applizor
--

COPY public."Payroll" (id, "employeeId", month, year, "basicSalary", allowances, deductions, "earningsBreakdown", "deductionsBreakdown", "grossSalary", "netSalary", status, "processedAt", "createdAt", "updatedAt") FROM stdin;
\.


--
-- Data for Name: Position; Type: TABLE DATA; Schema: public; Owner: applizor
--

COPY public."Position" (id, "departmentId", title, description, "isActive", "createdAt", "updatedAt") FROM stdin;
\.


--
-- Data for Name: Project; Type: TABLE DATA; Schema: public; Owner: applizor
--

COPY public."Project" (id, "companyId", "clientId", name, description, status, "startDate", "endDate", budget, "isBillable", "createdAt", "updatedAt") FROM stdin;
\.


--
-- Data for Name: Quotation; Type: TABLE DATA; Schema: public; Owner: applizor
--

COPY public."Quotation" (id, "companyId", "leadId", "clientId", "quotationNumber", title, description, "quotationDate", "validUntil", status, subtotal, tax, discount, total, currency, "paymentTerms", "deliveryTerms", notes, "pdfPath", "templateId", "publicToken", "publicExpiresAt", "isPublicEnabled", "clientViewedAt", "clientAcceptedAt", "clientRejectedAt", "clientSignature", "clientEmail", "clientName", "clientComments", "signedPdfPath", "convertedToInvoiceId", "convertedAt", "createdBy", "assignedTo", "createdAt", "updatedAt") FROM stdin;
\.


--
-- Data for Name: QuotationItem; Type: TABLE DATA; Schema: public; Owner: applizor
--

COPY public."QuotationItem" (id, "quotationId", description, quantity, "unitPrice", tax, discount, total) FROM stdin;
\.


--
-- Data for Name: Role; Type: TABLE DATA; Schema: public; Owner: applizor
--

COPY public."Role" (id, name, description, "isSystem", "createdAt", "updatedAt") FROM stdin;
fbd2165d-3336-49b8-9b1f-188fbcd27b25	Admin	Full system access	t	2026-01-21 10:07:29.105	2026-01-21 10:07:29.105
2efe4dac-9b40-4436-b299-badda6396405	HR	Human Resources Manager	f	2026-01-21 10:07:29.117	2026-01-21 10:07:29.117
2af33051-91e2-49b0-be8e-e879b80dc41c	Employee	Regular Employee	f	2026-01-21 10:07:29.122	2026-01-21 10:08:29.707
\.


--
-- Data for Name: RolePermission; Type: TABLE DATA; Schema: public; Owner: applizor
--

COPY public."RolePermission" (id, "roleId", "createdAt", "createLevel", "deleteLevel", module, "readLevel", "updateLevel") FROM stdin;
34135c08-2ac2-4a31-a922-fe9a79cc2ef9	fbd2165d-3336-49b8-9b1f-188fbcd27b25	2026-01-21 10:07:29.127	all	all	Dashboard	all	all
ac4777a9-8d09-4e08-9c38-96c20f29f2b4	fbd2165d-3336-49b8-9b1f-188fbcd27b25	2026-01-21 10:07:29.136	all	all	Company	all	all
64352187-4fc8-4ce7-a754-de29e36792b8	fbd2165d-3336-49b8-9b1f-188fbcd27b25	2026-01-21 10:07:29.14	all	all	User	all	all
67389c49-7e0b-4ad4-966d-233155060ed5	fbd2165d-3336-49b8-9b1f-188fbcd27b25	2026-01-21 10:07:29.145	all	all	Role	all	all
5d488fe7-0cfd-4901-bafa-be3b12ab1253	fbd2165d-3336-49b8-9b1f-188fbcd27b25	2026-01-21 10:07:29.15	all	all	Client	all	all
d7ca46ee-a70b-4ffc-b0b7-5170f0bf5b6e	fbd2165d-3336-49b8-9b1f-188fbcd27b25	2026-01-21 10:07:29.154	all	all	Lead	all	all
da373594-57de-4c60-99a0-4d614f9c2a4b	fbd2165d-3336-49b8-9b1f-188fbcd27b25	2026-01-21 10:07:29.159	all	all	LeadActivity	all	all
30fbcd28-7785-4660-ac4a-8d1c8d283206	fbd2165d-3336-49b8-9b1f-188fbcd27b25	2026-01-21 10:07:29.163	all	all	Quotation	all	all
04f13508-f287-4b74-873b-d409877fe0dd	fbd2165d-3336-49b8-9b1f-188fbcd27b25	2026-01-21 10:07:29.168	all	all	Invoice	all	all
96300774-9362-47bc-8c7f-9dda74acbd3c	fbd2165d-3336-49b8-9b1f-188fbcd27b25	2026-01-21 10:07:29.173	all	all	Payment	all	all
36c1f7c1-6c7a-46ed-8eea-0906784e0eab	fbd2165d-3336-49b8-9b1f-188fbcd27b25	2026-01-21 10:07:29.176	all	all	Subscription	all	all
057fe92c-54e5-45ec-91b1-452c1961e258	fbd2165d-3336-49b8-9b1f-188fbcd27b25	2026-01-21 10:07:29.182	all	all	Department	all	all
c80b982b-a669-41c4-9464-bb08ed84c7ea	fbd2165d-3336-49b8-9b1f-188fbcd27b25	2026-01-21 10:07:29.185	all	all	Position	all	all
39683eb5-b96a-44a6-97e9-38c518706907	fbd2165d-3336-49b8-9b1f-188fbcd27b25	2026-01-21 10:07:29.19	all	all	Employee	all	all
7f705ca7-dbf9-4117-b2fd-b5d0f26298b9	fbd2165d-3336-49b8-9b1f-188fbcd27b25	2026-01-21 10:07:29.194	all	all	Attendance	all	all
45d7b431-3f11-4868-8d0d-101674d92cf3	fbd2165d-3336-49b8-9b1f-188fbcd27b25	2026-01-21 10:07:29.198	all	all	Leave	all	all
800c0b09-5d9a-4568-9268-40479e05c25b	fbd2165d-3336-49b8-9b1f-188fbcd27b25	2026-01-21 10:07:29.201	all	all	LeaveType	all	all
7dfa272e-e8b6-4dbb-8e04-acdc6eed2143	fbd2165d-3336-49b8-9b1f-188fbcd27b25	2026-01-21 10:07:29.205	all	all	LeaveBalance	all	all
3aad5583-a73e-47ed-a09c-379e66221713	fbd2165d-3336-49b8-9b1f-188fbcd27b25	2026-01-21 10:07:29.208	all	all	Shift	all	all
e318d2f8-9e06-46f6-b863-15862420bdfe	fbd2165d-3336-49b8-9b1f-188fbcd27b25	2026-01-21 10:07:29.214	all	all	ShiftRoster	all	all
9e2ba62a-403e-479b-b938-9fe2415a6b24	fbd2165d-3336-49b8-9b1f-188fbcd27b25	2026-01-21 10:07:29.218	all	all	Payroll	all	all
562df12a-f476-459e-b3ad-0d9ffa01f7a3	fbd2165d-3336-49b8-9b1f-188fbcd27b25	2026-01-21 10:07:29.222	all	all	Asset	all	all
2ff91a0b-e6ac-47d6-b60e-aba6936847aa	fbd2165d-3336-49b8-9b1f-188fbcd27b25	2026-01-21 10:07:29.226	all	all	Recruitment	all	all
60c96a66-3554-4500-a9c6-1c773e481ee4	fbd2165d-3336-49b8-9b1f-188fbcd27b25	2026-01-21 10:07:29.231	all	all	Document	all	all
7dd7efd2-6040-495f-bf1d-23bfd98eaac0	fbd2165d-3336-49b8-9b1f-188fbcd27b25	2026-01-21 10:07:29.234	all	all	Holiday	all	all
1ee58b5a-9596-48df-8b34-63b0a564a6ea	2efe4dac-9b40-4436-b299-badda6396405	2026-01-21 10:07:29.238	all	all	Employee	all	all
634bd329-75da-4001-8c8a-beef21a6878a	2efe4dac-9b40-4436-b299-badda6396405	2026-01-21 10:07:29.242	all	all	Department	all	all
10d87d87-1ebc-4020-b55e-09ef62ba6136	2efe4dac-9b40-4436-b299-badda6396405	2026-01-21 10:07:29.252	all	all	Position	all	all
94ba52f8-4fd5-45b4-b3ad-18f28146709b	2efe4dac-9b40-4436-b299-badda6396405	2026-01-21 10:07:29.257	all	all	Attendance	all	all
9a401bd8-bd0a-467b-9bfc-ff363301193a	2efe4dac-9b40-4436-b299-badda6396405	2026-01-21 10:07:29.262	all	all	Leave	all	all
afc47663-de7e-46ef-a644-a1a4b9df574f	2efe4dac-9b40-4436-b299-badda6396405	2026-01-21 10:07:29.266	all	all	LeaveType	all	all
38f879d9-49e6-451d-acfc-3387150a311e	2efe4dac-9b40-4436-b299-badda6396405	2026-01-21 10:07:29.27	all	all	LeaveBalance	all	all
3ee0e7cb-ace0-44a8-bf68-205eba8cb0f3	2efe4dac-9b40-4436-b299-badda6396405	2026-01-21 10:07:29.275	all	all	Shift	all	all
b2ddcf43-a198-413b-84a2-90637e4da1a0	2efe4dac-9b40-4436-b299-badda6396405	2026-01-21 10:07:29.281	all	all	Recruitment	all	all
cb7cf01d-9add-4024-87ad-162e82843276	2efe4dac-9b40-4436-b299-badda6396405	2026-01-21 10:07:29.286	all	all	Payroll	all	all
46a76cf9-d246-46bc-8c78-b519f30ee47d	2efe4dac-9b40-4436-b299-badda6396405	2026-01-21 10:07:29.29	all	all	Asset	all	all
f92db734-a6ac-4514-89e2-68d389e9efc7	2efe4dac-9b40-4436-b299-badda6396405	2026-01-21 10:07:29.294	all	all	Document	all	all
3cb64365-73f4-4513-b9e7-36ebd3b75c53	2af33051-91e2-49b0-be8e-e879b80dc41c	2026-01-21 10:07:29.298	none	none	Dashboard	all	none
c6c15fdc-f15e-4685-8075-786a60585b29	2af33051-91e2-49b0-be8e-e879b80dc41c	2026-01-21 10:08:29.716	none	none	Company	none	none
85733ae9-7c71-44e3-ae27-4d9cf1b8dae4	2af33051-91e2-49b0-be8e-e879b80dc41c	2026-01-21 10:08:29.719	none	none	User	none	none
e7133961-cc3c-4180-8c84-6c1f19c72bb0	2af33051-91e2-49b0-be8e-e879b80dc41c	2026-01-21 10:08:29.721	none	none	Role	none	none
741da598-e90f-4ba4-8acf-9921909a8819	2af33051-91e2-49b0-be8e-e879b80dc41c	2026-01-21 10:08:29.723	none	none	Client	none	none
0c6b00da-ec22-4772-8f18-0ffe0f44a4b5	2af33051-91e2-49b0-be8e-e879b80dc41c	2026-01-21 10:08:29.725	none	none	Lead	none	none
f1de084a-e9a9-4182-9249-d9c4dc2b54b2	2af33051-91e2-49b0-be8e-e879b80dc41c	2026-01-21 10:08:29.728	none	none	LeadActivity	none	none
8bba4188-0c7e-41c9-9b4c-a5986cf331cd	2af33051-91e2-49b0-be8e-e879b80dc41c	2026-01-21 10:08:29.73	none	none	Quotation	none	none
d982c677-5230-493c-a582-10a28c49db97	2af33051-91e2-49b0-be8e-e879b80dc41c	2026-01-21 10:08:29.732	none	none	Invoice	none	none
2648928f-287f-4336-8574-52f6206da920	2af33051-91e2-49b0-be8e-e879b80dc41c	2026-01-21 10:08:29.734	none	none	Payment	none	none
c3385b88-d0c2-406f-8208-234c1d1af295	2af33051-91e2-49b0-be8e-e879b80dc41c	2026-01-21 10:08:29.736	none	none	Subscription	none	none
fcba775e-1c65-48df-b402-9ba5a925bdbb	2af33051-91e2-49b0-be8e-e879b80dc41c	2026-01-21 10:08:29.739	none	none	Department	none	none
ea34aa29-06aa-4769-b12a-0e42dae0cd76	2af33051-91e2-49b0-be8e-e879b80dc41c	2026-01-21 10:07:29.306	owned	owned	Leave	owned	owned
25dd3eba-552f-4f88-bb09-16568f067c85	2af33051-91e2-49b0-be8e-e879b80dc41c	2026-01-21 10:07:29.312	owned	none	Document	owned	owned
b8ff2b34-e7c4-4eb9-9aef-fff6c28e6a3a	2af33051-91e2-49b0-be8e-e879b80dc41c	2026-01-21 10:08:29.741	none	none	Position	none	none
a3163c65-0703-4aae-aa14-53617b516cbd	2af33051-91e2-49b0-be8e-e879b80dc41c	2026-01-21 10:08:29.744	none	none	Employee	none	none
9c3b98fc-8090-4c33-ae48-501312414e5c	2af33051-91e2-49b0-be8e-e879b80dc41c	2026-01-21 10:07:29.302	owned	none	Attendance	owned	owned
a08abb1a-336f-477e-ba05-b80f05df7f1a	2af33051-91e2-49b0-be8e-e879b80dc41c	2026-01-21 10:08:29.751	none	none	LeaveType	all	none
bff270a4-0147-4140-9dab-0b0e2a865391	2af33051-91e2-49b0-be8e-e879b80dc41c	2026-01-21 10:08:29.753	none	none	LeaveBalance	owned	owned
a7196426-47fd-4f9b-8752-0487475bc77e	2af33051-91e2-49b0-be8e-e879b80dc41c	2026-01-21 10:08:29.756	none	none	Shift	owned	none
1d9828ab-1595-4186-8346-da55ec20acde	2af33051-91e2-49b0-be8e-e879b80dc41c	2026-01-21 10:08:29.758	none	none	ShiftRoster	owned	none
6cd68a73-3510-4133-9c2b-e482a749629d	2af33051-91e2-49b0-be8e-e879b80dc41c	2026-01-21 10:08:29.761	none	none	Payroll	none	none
99615883-fe60-4e39-910d-5583350d49f7	2af33051-91e2-49b0-be8e-e879b80dc41c	2026-01-21 10:08:29.763	none	none	Asset	none	none
f3751b12-8a49-4e19-8e0c-9ccebd36802b	2af33051-91e2-49b0-be8e-e879b80dc41c	2026-01-21 10:08:29.765	none	none	Recruitment	none	none
49fbbcd2-2568-454f-a4d8-cda275f5a728	2af33051-91e2-49b0-be8e-e879b80dc41c	2026-01-21 10:08:29.77	none	none	Holiday	all	none
\.


--
-- Data for Name: SalaryComponent; Type: TABLE DATA; Schema: public; Owner: applizor
--

COPY public."SalaryComponent" (id, "companyId", name, type, "calculationType", "defaultValue", "isActive", "createdAt", "updatedAt") FROM stdin;
\.


--
-- Data for Name: SalesTarget; Type: TABLE DATA; Schema: public; Owner: applizor
--

COPY public."SalesTarget" (id, "companyId", "employeeId", period, "startDate", "endDate", "targetAmount", "achievedAmount", status, "createdAt", "updatedAt") FROM stdin;
\.


--
-- Data for Name: Shift; Type: TABLE DATA; Schema: public; Owner: applizor
--

COPY public."Shift" (id, "companyId", name, "startTime", "endTime", "breakDuration", "isActive", "createdAt", "updatedAt", "workDays") FROM stdin;
\.


--
-- Data for Name: ShiftRoster; Type: TABLE DATA; Schema: public; Owner: applizor
--

COPY public."ShiftRoster" (id, "employeeId", "shiftId", date, "createdAt", "updatedAt") FROM stdin;
\.


--
-- Data for Name: Subscription; Type: TABLE DATA; Schema: public; Owner: applizor
--

COPY public."Subscription" (id, "companyId", "clientId", name, plan, amount, "billingCycle", "startDate", "endDate", status, "nextBillingDate", "createdAt", "updatedAt") FROM stdin;
\.


--
-- Data for Name: Task; Type: TABLE DATA; Schema: public; Owner: applizor
--

COPY public."Task" (id, "projectId", title, description, status, priority, "dueDate", "createdById", "assignedToId", "createdAt", "updatedAt") FROM stdin;
\.


--
-- Data for Name: Timesheet; Type: TABLE DATA; Schema: public; Owner: applizor
--

COPY public."Timesheet" (id, "companyId", "projectId", "employeeId", date, hours, "isBillable", description, "createdAt", "updatedAt") FROM stdin;
\.


--
-- Data for Name: Transaction; Type: TABLE DATA; Schema: public; Owner: applizor
--

COPY public."Transaction" (id, "accountId", date, type, amount, description, reference, "createdAt") FROM stdin;
\.


--
-- Data for Name: User; Type: TABLE DATA; Schema: public; Owner: applizor
--

COPY public."User" (id, email, password, "firstName", "lastName", phone, "isActive", "lastLogin", "createdAt", "updatedAt", "resetToken", "resetTokenExpiry", "companyId") FROM stdin;
90b3eb20-265f-4a60-b617-27b7ff357860	hr@applizor.com	$2a$10$1rHoRvOJqjTzGz2A76O7yuwEk5IP8/jKECrYRL9fvcC0ILNnlCGmq	HR	Manager	\N	t	\N	2026-01-21 10:07:29.601	2026-01-21 10:07:29.601	\N	\N	7890807c-29a0-403c-b42c-bfc35c4d7b6f
b327a24e-d382-4686-82c8-de8ae7e51499	emp1@test.com	$2a$10$tRbF2TCls13AXTUMEWRZ7u.SFdY43030XmFtx6x3sFOgEcgF8tYjO	Employee	One	\N	t	\N	2026-01-21 10:07:29.726	2026-01-21 10:07:29.726	\N	\N	7890807c-29a0-403c-b42c-bfc35c4d7b6f
baece954-9db8-4009-ab72-67a7bd628fe0	admin@applizor.com	$2a$10$4ymWj4mKmPIPPXq57BKWfeAag/S/Gt9EC56w6ZyB2ybnprOL3ANwO	Admin	User	\N	t	2026-01-21 10:07:40.386	2026-01-21 10:07:29.462	2026-01-21 10:07:40.387	\N	\N	7890807c-29a0-403c-b42c-bfc35c4d7b6f
\.


--
-- Data for Name: UserRole; Type: TABLE DATA; Schema: public; Owner: applizor
--

COPY public."UserRole" (id, "userId", "roleId", "createdAt") FROM stdin;
aefc040e-c3e9-4137-a36b-08855f678785	baece954-9db8-4009-ab72-67a7bd628fe0	fbd2165d-3336-49b8-9b1f-188fbcd27b25	2026-01-21 10:07:29.472
57df263f-4d5a-4138-8e11-2d8d796666cb	90b3eb20-265f-4a60-b617-27b7ff357860	2efe4dac-9b40-4436-b299-badda6396405	2026-01-21 10:07:29.608
40bda0a8-e650-4f09-b04e-38a2aba440fd	b327a24e-d382-4686-82c8-de8ae7e51499	2af33051-91e2-49b0-be8e-e879b80dc41c	2026-01-21 10:07:29.734
\.


--
-- Data for Name: _prisma_migrations; Type: TABLE DATA; Schema: public; Owner: applizor
--

COPY public._prisma_migrations (id, checksum, finished_at, migration_name, logs, rolled_back_at, started_at, applied_steps_count) FROM stdin;
7bbf733b-7979-48a6-8415-55fbd004730b	628e861940c69e0e690acaccd985ecb6240e75eee971bfd0f24e3e561b09c6dd	2026-01-21 09:58:57.970612+00	20260118190927_add_leave_balances	\N	\N	2026-01-21 09:58:57.262515+00	1
16f43786-239e-4d47-a515-2f67a05af933	798311312f113476b21e051b6f265b0bdc699e6ac65fdfd3c711c48180ea641d	2026-01-21 09:58:58.078055+00	20260119153533_add_advanced_leave_features	\N	\N	2026-01-21 09:58:57.972881+00	1
3631c392-3a30-4374-9e96-ba263bf1664b	ec949b307de76a7cbc7fdc5435e79a0420c70d812e7143e1d587c595357cf0c5	2026-01-21 09:58:58.088136+00	20260119193527_add_lop_days_to_leave_request	\N	\N	2026-01-21 09:58:58.080826+00	1
4e326252-dcae-4097-b0b4-3883e57d70e9	c41e222fc7d8504efd0b7d60aeabe1b4c1dcfc9436ec304ea04d2f7f1b96cc39	2026-01-21 09:58:58.097927+00	20260119201239_add_quarterly_probation_fields	\N	\N	2026-01-21 09:58:58.090336+00	1
5c4efbc0-eb4d-47ca-bcf7-ab04d741d6e2	c4fe7e18cd757ff12c2add94ecc066b7ea4de13a005919f180df132b875c2dd1	2026-01-21 09:59:00.596837+00	20260121095900_add_quotation_templates	\N	\N	2026-01-21 09:59:00.467568+00	1
\.


--
-- Data for Name: quotation_templates; Type: TABLE DATA; Schema: public; Owner: applizor
--

COPY public.quotation_templates (id, "companyId", name, description, category, title, "templateDescription", "paymentTerms", "deliveryTerms", notes, items, "isActive", "usageCount", "createdBy", "createdAt", "updatedAt") FROM stdin;
\.


--
-- Name: Account Account_pkey; Type: CONSTRAINT; Schema: public; Owner: applizor
--

ALTER TABLE ONLY public."Account"
    ADD CONSTRAINT "Account_pkey" PRIMARY KEY (id);


--
-- Name: Asset Asset_pkey; Type: CONSTRAINT; Schema: public; Owner: applizor
--

ALTER TABLE ONLY public."Asset"
    ADD CONSTRAINT "Asset_pkey" PRIMARY KEY (id);


--
-- Name: Attendance Attendance_pkey; Type: CONSTRAINT; Schema: public; Owner: applizor
--

ALTER TABLE ONLY public."Attendance"
    ADD CONSTRAINT "Attendance_pkey" PRIMARY KEY (id);


--
-- Name: AuditLog AuditLog_pkey; Type: CONSTRAINT; Schema: public; Owner: applizor
--

ALTER TABLE ONLY public."AuditLog"
    ADD CONSTRAINT "AuditLog_pkey" PRIMARY KEY (id);


--
-- Name: Branch Branch_pkey; Type: CONSTRAINT; Schema: public; Owner: applizor
--

ALTER TABLE ONLY public."Branch"
    ADD CONSTRAINT "Branch_pkey" PRIMARY KEY (id);


--
-- Name: Candidate Candidate_pkey; Type: CONSTRAINT; Schema: public; Owner: applizor
--

ALTER TABLE ONLY public."Candidate"
    ADD CONSTRAINT "Candidate_pkey" PRIMARY KEY (id);


--
-- Name: Client Client_pkey; Type: CONSTRAINT; Schema: public; Owner: applizor
--

ALTER TABLE ONLY public."Client"
    ADD CONSTRAINT "Client_pkey" PRIMARY KEY (id);


--
-- Name: Company Company_pkey; Type: CONSTRAINT; Schema: public; Owner: applizor
--

ALTER TABLE ONLY public."Company"
    ADD CONSTRAINT "Company_pkey" PRIMARY KEY (id);


--
-- Name: Department Department_pkey; Type: CONSTRAINT; Schema: public; Owner: applizor
--

ALTER TABLE ONLY public."Department"
    ADD CONSTRAINT "Department_pkey" PRIMARY KEY (id);


--
-- Name: DocumentTemplate DocumentTemplate_pkey; Type: CONSTRAINT; Schema: public; Owner: applizor
--

ALTER TABLE ONLY public."DocumentTemplate"
    ADD CONSTRAINT "DocumentTemplate_pkey" PRIMARY KEY (id);


--
-- Name: Document Document_pkey; Type: CONSTRAINT; Schema: public; Owner: applizor
--

ALTER TABLE ONLY public."Document"
    ADD CONSTRAINT "Document_pkey" PRIMARY KEY (id);


--
-- Name: EmailTemplate EmailTemplate_pkey; Type: CONSTRAINT; Schema: public; Owner: applizor
--

ALTER TABLE ONLY public."EmailTemplate"
    ADD CONSTRAINT "EmailTemplate_pkey" PRIMARY KEY (id);


--
-- Name: EmployeeLeaveBalance EmployeeLeaveBalance_pkey; Type: CONSTRAINT; Schema: public; Owner: applizor
--

ALTER TABLE ONLY public."EmployeeLeaveBalance"
    ADD CONSTRAINT "EmployeeLeaveBalance_pkey" PRIMARY KEY (id);


--
-- Name: EmployeeSalaryComponent EmployeeSalaryComponent_pkey; Type: CONSTRAINT; Schema: public; Owner: applizor
--

ALTER TABLE ONLY public."EmployeeSalaryComponent"
    ADD CONSTRAINT "EmployeeSalaryComponent_pkey" PRIMARY KEY (id);


--
-- Name: EmployeeSalaryStructure EmployeeSalaryStructure_pkey; Type: CONSTRAINT; Schema: public; Owner: applizor
--

ALTER TABLE ONLY public."EmployeeSalaryStructure"
    ADD CONSTRAINT "EmployeeSalaryStructure_pkey" PRIMARY KEY (id);


--
-- Name: Employee Employee_pkey; Type: CONSTRAINT; Schema: public; Owner: applizor
--

ALTER TABLE ONLY public."Employee"
    ADD CONSTRAINT "Employee_pkey" PRIMARY KEY (id);


--
-- Name: Estimate Estimate_pkey; Type: CONSTRAINT; Schema: public; Owner: applizor
--

ALTER TABLE ONLY public."Estimate"
    ADD CONSTRAINT "Estimate_pkey" PRIMARY KEY (id);


--
-- Name: Holiday Holiday_pkey; Type: CONSTRAINT; Schema: public; Owner: applizor
--

ALTER TABLE ONLY public."Holiday"
    ADD CONSTRAINT "Holiday_pkey" PRIMARY KEY (id);


--
-- Name: InterviewScorecard InterviewScorecard_pkey; Type: CONSTRAINT; Schema: public; Owner: applizor
--

ALTER TABLE ONLY public."InterviewScorecard"
    ADD CONSTRAINT "InterviewScorecard_pkey" PRIMARY KEY (id);


--
-- Name: Interview Interview_pkey; Type: CONSTRAINT; Schema: public; Owner: applizor
--

ALTER TABLE ONLY public."Interview"
    ADD CONSTRAINT "Interview_pkey" PRIMARY KEY (id);


--
-- Name: InvoiceItem InvoiceItem_pkey; Type: CONSTRAINT; Schema: public; Owner: applizor
--

ALTER TABLE ONLY public."InvoiceItem"
    ADD CONSTRAINT "InvoiceItem_pkey" PRIMARY KEY (id);


--
-- Name: Invoice Invoice_pkey; Type: CONSTRAINT; Schema: public; Owner: applizor
--

ALTER TABLE ONLY public."Invoice"
    ADD CONSTRAINT "Invoice_pkey" PRIMARY KEY (id);


--
-- Name: JobOpening JobOpening_pkey; Type: CONSTRAINT; Schema: public; Owner: applizor
--

ALTER TABLE ONLY public."JobOpening"
    ADD CONSTRAINT "JobOpening_pkey" PRIMARY KEY (id);


--
-- Name: JournalEntryLine JournalEntryLine_pkey; Type: CONSTRAINT; Schema: public; Owner: applizor
--

ALTER TABLE ONLY public."JournalEntryLine"
    ADD CONSTRAINT "JournalEntryLine_pkey" PRIMARY KEY (id);


--
-- Name: JournalEntry JournalEntry_pkey; Type: CONSTRAINT; Schema: public; Owner: applizor
--

ALTER TABLE ONLY public."JournalEntry"
    ADD CONSTRAINT "JournalEntry_pkey" PRIMARY KEY (id);


--
-- Name: LeadActivity LeadActivity_pkey; Type: CONSTRAINT; Schema: public; Owner: applizor
--

ALTER TABLE ONLY public."LeadActivity"
    ADD CONSTRAINT "LeadActivity_pkey" PRIMARY KEY (id);


--
-- Name: Lead Lead_pkey; Type: CONSTRAINT; Schema: public; Owner: applizor
--

ALTER TABLE ONLY public."Lead"
    ADD CONSTRAINT "Lead_pkey" PRIMARY KEY (id);


--
-- Name: LeaveAccrual LeaveAccrual_pkey; Type: CONSTRAINT; Schema: public; Owner: applizor
--

ALTER TABLE ONLY public."LeaveAccrual"
    ADD CONSTRAINT "LeaveAccrual_pkey" PRIMARY KEY (id);


--
-- Name: LeaveRequest LeaveRequest_pkey; Type: CONSTRAINT; Schema: public; Owner: applizor
--

ALTER TABLE ONLY public."LeaveRequest"
    ADD CONSTRAINT "LeaveRequest_pkey" PRIMARY KEY (id);


--
-- Name: LeaveType LeaveType_pkey; Type: CONSTRAINT; Schema: public; Owner: applizor
--

ALTER TABLE ONLY public."LeaveType"
    ADD CONSTRAINT "LeaveType_pkey" PRIMARY KEY (id);


--
-- Name: LedgerAccount LedgerAccount_pkey; Type: CONSTRAINT; Schema: public; Owner: applizor
--

ALTER TABLE ONLY public."LedgerAccount"
    ADD CONSTRAINT "LedgerAccount_pkey" PRIMARY KEY (id);


--
-- Name: OfferLetter OfferLetter_pkey; Type: CONSTRAINT; Schema: public; Owner: applizor
--

ALTER TABLE ONLY public."OfferLetter"
    ADD CONSTRAINT "OfferLetter_pkey" PRIMARY KEY (id);


--
-- Name: Payment Payment_pkey; Type: CONSTRAINT; Schema: public; Owner: applizor
--

ALTER TABLE ONLY public."Payment"
    ADD CONSTRAINT "Payment_pkey" PRIMARY KEY (id);


--
-- Name: Payroll Payroll_pkey; Type: CONSTRAINT; Schema: public; Owner: applizor
--

ALTER TABLE ONLY public."Payroll"
    ADD CONSTRAINT "Payroll_pkey" PRIMARY KEY (id);


--
-- Name: Position Position_pkey; Type: CONSTRAINT; Schema: public; Owner: applizor
--

ALTER TABLE ONLY public."Position"
    ADD CONSTRAINT "Position_pkey" PRIMARY KEY (id);


--
-- Name: Project Project_pkey; Type: CONSTRAINT; Schema: public; Owner: applizor
--

ALTER TABLE ONLY public."Project"
    ADD CONSTRAINT "Project_pkey" PRIMARY KEY (id);


--
-- Name: QuotationItem QuotationItem_pkey; Type: CONSTRAINT; Schema: public; Owner: applizor
--

ALTER TABLE ONLY public."QuotationItem"
    ADD CONSTRAINT "QuotationItem_pkey" PRIMARY KEY (id);


--
-- Name: Quotation Quotation_pkey; Type: CONSTRAINT; Schema: public; Owner: applizor
--

ALTER TABLE ONLY public."Quotation"
    ADD CONSTRAINT "Quotation_pkey" PRIMARY KEY (id);


--
-- Name: RolePermission RolePermission_pkey; Type: CONSTRAINT; Schema: public; Owner: applizor
--

ALTER TABLE ONLY public."RolePermission"
    ADD CONSTRAINT "RolePermission_pkey" PRIMARY KEY (id);


--
-- Name: Role Role_pkey; Type: CONSTRAINT; Schema: public; Owner: applizor
--

ALTER TABLE ONLY public."Role"
    ADD CONSTRAINT "Role_pkey" PRIMARY KEY (id);


--
-- Name: SalaryComponent SalaryComponent_pkey; Type: CONSTRAINT; Schema: public; Owner: applizor
--

ALTER TABLE ONLY public."SalaryComponent"
    ADD CONSTRAINT "SalaryComponent_pkey" PRIMARY KEY (id);


--
-- Name: SalesTarget SalesTarget_pkey; Type: CONSTRAINT; Schema: public; Owner: applizor
--

ALTER TABLE ONLY public."SalesTarget"
    ADD CONSTRAINT "SalesTarget_pkey" PRIMARY KEY (id);


--
-- Name: ShiftRoster ShiftRoster_pkey; Type: CONSTRAINT; Schema: public; Owner: applizor
--

ALTER TABLE ONLY public."ShiftRoster"
    ADD CONSTRAINT "ShiftRoster_pkey" PRIMARY KEY (id);


--
-- Name: Shift Shift_pkey; Type: CONSTRAINT; Schema: public; Owner: applizor
--

ALTER TABLE ONLY public."Shift"
    ADD CONSTRAINT "Shift_pkey" PRIMARY KEY (id);


--
-- Name: Subscription Subscription_pkey; Type: CONSTRAINT; Schema: public; Owner: applizor
--

ALTER TABLE ONLY public."Subscription"
    ADD CONSTRAINT "Subscription_pkey" PRIMARY KEY (id);


--
-- Name: Task Task_pkey; Type: CONSTRAINT; Schema: public; Owner: applizor
--

ALTER TABLE ONLY public."Task"
    ADD CONSTRAINT "Task_pkey" PRIMARY KEY (id);


--
-- Name: Timesheet Timesheet_pkey; Type: CONSTRAINT; Schema: public; Owner: applizor
--

ALTER TABLE ONLY public."Timesheet"
    ADD CONSTRAINT "Timesheet_pkey" PRIMARY KEY (id);


--
-- Name: Transaction Transaction_pkey; Type: CONSTRAINT; Schema: public; Owner: applizor
--

ALTER TABLE ONLY public."Transaction"
    ADD CONSTRAINT "Transaction_pkey" PRIMARY KEY (id);


--
-- Name: UserRole UserRole_pkey; Type: CONSTRAINT; Schema: public; Owner: applizor
--

ALTER TABLE ONLY public."UserRole"
    ADD CONSTRAINT "UserRole_pkey" PRIMARY KEY (id);


--
-- Name: User User_pkey; Type: CONSTRAINT; Schema: public; Owner: applizor
--

ALTER TABLE ONLY public."User"
    ADD CONSTRAINT "User_pkey" PRIMARY KEY (id);


--
-- Name: _prisma_migrations _prisma_migrations_pkey; Type: CONSTRAINT; Schema: public; Owner: applizor
--

ALTER TABLE ONLY public._prisma_migrations
    ADD CONSTRAINT _prisma_migrations_pkey PRIMARY KEY (id);


--
-- Name: quotation_templates quotation_templates_pkey; Type: CONSTRAINT; Schema: public; Owner: applizor
--

ALTER TABLE ONLY public.quotation_templates
    ADD CONSTRAINT quotation_templates_pkey PRIMARY KEY (id);


--
-- Name: Account_code_idx; Type: INDEX; Schema: public; Owner: applizor
--

CREATE INDEX "Account_code_idx" ON public."Account" USING btree (code);


--
-- Name: Account_code_key; Type: INDEX; Schema: public; Owner: applizor
--

CREATE UNIQUE INDEX "Account_code_key" ON public."Account" USING btree (code);


--
-- Name: Account_type_idx; Type: INDEX; Schema: public; Owner: applizor
--

CREATE INDEX "Account_type_idx" ON public."Account" USING btree (type);


--
-- Name: Asset_companyId_idx; Type: INDEX; Schema: public; Owner: applizor
--

CREATE INDEX "Asset_companyId_idx" ON public."Asset" USING btree ("companyId");


--
-- Name: Asset_companyId_serialNumber_key; Type: INDEX; Schema: public; Owner: applizor
--

CREATE UNIQUE INDEX "Asset_companyId_serialNumber_key" ON public."Asset" USING btree ("companyId", "serialNumber");


--
-- Name: Asset_employeeId_idx; Type: INDEX; Schema: public; Owner: applizor
--

CREATE INDEX "Asset_employeeId_idx" ON public."Asset" USING btree ("employeeId");


--
-- Name: Attendance_date_idx; Type: INDEX; Schema: public; Owner: applizor
--

CREATE INDEX "Attendance_date_idx" ON public."Attendance" USING btree (date);


--
-- Name: Attendance_employeeId_date_idx; Type: INDEX; Schema: public; Owner: applizor
--

CREATE INDEX "Attendance_employeeId_date_idx" ON public."Attendance" USING btree ("employeeId", date);


--
-- Name: Attendance_employeeId_idx; Type: INDEX; Schema: public; Owner: applizor
--

CREATE INDEX "Attendance_employeeId_idx" ON public."Attendance" USING btree ("employeeId");


--
-- Name: AuditLog_companyId_idx; Type: INDEX; Schema: public; Owner: applizor
--

CREATE INDEX "AuditLog_companyId_idx" ON public."AuditLog" USING btree ("companyId");


--
-- Name: AuditLog_createdAt_idx; Type: INDEX; Schema: public; Owner: applizor
--

CREATE INDEX "AuditLog_createdAt_idx" ON public."AuditLog" USING btree ("createdAt");


--
-- Name: AuditLog_entityType_entityId_idx; Type: INDEX; Schema: public; Owner: applizor
--

CREATE INDEX "AuditLog_entityType_entityId_idx" ON public."AuditLog" USING btree ("entityType", "entityId");


--
-- Name: AuditLog_module_idx; Type: INDEX; Schema: public; Owner: applizor
--

CREATE INDEX "AuditLog_module_idx" ON public."AuditLog" USING btree (module);


--
-- Name: AuditLog_userId_idx; Type: INDEX; Schema: public; Owner: applizor
--

CREATE INDEX "AuditLog_userId_idx" ON public."AuditLog" USING btree ("userId");


--
-- Name: Branch_companyId_code_key; Type: INDEX; Schema: public; Owner: applizor
--

CREATE UNIQUE INDEX "Branch_companyId_code_key" ON public."Branch" USING btree ("companyId", code);


--
-- Name: Branch_companyId_idx; Type: INDEX; Schema: public; Owner: applizor
--

CREATE INDEX "Branch_companyId_idx" ON public."Branch" USING btree ("companyId");


--
-- Name: Candidate_companyId_idx; Type: INDEX; Schema: public; Owner: applizor
--

CREATE INDEX "Candidate_companyId_idx" ON public."Candidate" USING btree ("companyId");


--
-- Name: Candidate_email_idx; Type: INDEX; Schema: public; Owner: applizor
--

CREATE INDEX "Candidate_email_idx" ON public."Candidate" USING btree (email);


--
-- Name: Candidate_jobOpeningId_idx; Type: INDEX; Schema: public; Owner: applizor
--

CREATE INDEX "Candidate_jobOpeningId_idx" ON public."Candidate" USING btree ("jobOpeningId");


--
-- Name: Candidate_status_idx; Type: INDEX; Schema: public; Owner: applizor
--

CREATE INDEX "Candidate_status_idx" ON public."Candidate" USING btree (status);


--
-- Name: Client_companyId_idx; Type: INDEX; Schema: public; Owner: applizor
--

CREATE INDEX "Client_companyId_idx" ON public."Client" USING btree ("companyId");


--
-- Name: Client_email_idx; Type: INDEX; Schema: public; Owner: applizor
--

CREATE INDEX "Client_email_idx" ON public."Client" USING btree (email);


--
-- Name: Client_status_idx; Type: INDEX; Schema: public; Owner: applizor
--

CREATE INDEX "Client_status_idx" ON public."Client" USING btree (status);


--
-- Name: Company_name_idx; Type: INDEX; Schema: public; Owner: applizor
--

CREATE INDEX "Company_name_idx" ON public."Company" USING btree (name);


--
-- Name: Department_companyId_idx; Type: INDEX; Schema: public; Owner: applizor
--

CREATE INDEX "Department_companyId_idx" ON public."Department" USING btree ("companyId");


--
-- Name: Department_companyId_name_key; Type: INDEX; Schema: public; Owner: applizor
--

CREATE UNIQUE INDEX "Department_companyId_name_key" ON public."Department" USING btree ("companyId", name);


--
-- Name: DocumentTemplate_companyId_idx; Type: INDEX; Schema: public; Owner: applizor
--

CREATE INDEX "DocumentTemplate_companyId_idx" ON public."DocumentTemplate" USING btree ("companyId");


--
-- Name: DocumentTemplate_type_idx; Type: INDEX; Schema: public; Owner: applizor
--

CREATE INDEX "DocumentTemplate_type_idx" ON public."DocumentTemplate" USING btree (type);


--
-- Name: Document_category_idx; Type: INDEX; Schema: public; Owner: applizor
--

CREATE INDEX "Document_category_idx" ON public."Document" USING btree (category);


--
-- Name: Document_clientId_idx; Type: INDEX; Schema: public; Owner: applizor
--

CREATE INDEX "Document_clientId_idx" ON public."Document" USING btree ("clientId");


--
-- Name: Document_companyId_idx; Type: INDEX; Schema: public; Owner: applizor
--

CREATE INDEX "Document_companyId_idx" ON public."Document" USING btree ("companyId");


--
-- Name: Document_employeeId_idx; Type: INDEX; Schema: public; Owner: applizor
--

CREATE INDEX "Document_employeeId_idx" ON public."Document" USING btree ("employeeId");


--
-- Name: Document_projectId_idx; Type: INDEX; Schema: public; Owner: applizor
--

CREATE INDEX "Document_projectId_idx" ON public."Document" USING btree ("projectId");


--
-- Name: Document_type_idx; Type: INDEX; Schema: public; Owner: applizor
--

CREATE INDEX "Document_type_idx" ON public."Document" USING btree (type);


--
-- Name: EmailTemplate_companyId_idx; Type: INDEX; Schema: public; Owner: applizor
--

CREATE INDEX "EmailTemplate_companyId_idx" ON public."EmailTemplate" USING btree ("companyId");


--
-- Name: EmailTemplate_type_idx; Type: INDEX; Schema: public; Owner: applizor
--

CREATE INDEX "EmailTemplate_type_idx" ON public."EmailTemplate" USING btree (type);


--
-- Name: EmployeeLeaveBalance_employeeId_idx; Type: INDEX; Schema: public; Owner: applizor
--

CREATE INDEX "EmployeeLeaveBalance_employeeId_idx" ON public."EmployeeLeaveBalance" USING btree ("employeeId");


--
-- Name: EmployeeLeaveBalance_employeeId_leaveTypeId_year_key; Type: INDEX; Schema: public; Owner: applizor
--

CREATE UNIQUE INDEX "EmployeeLeaveBalance_employeeId_leaveTypeId_year_key" ON public."EmployeeLeaveBalance" USING btree ("employeeId", "leaveTypeId", year);


--
-- Name: EmployeeSalaryComponent_structureId_componentId_key; Type: INDEX; Schema: public; Owner: applizor
--

CREATE UNIQUE INDEX "EmployeeSalaryComponent_structureId_componentId_key" ON public."EmployeeSalaryComponent" USING btree ("structureId", "componentId");


--
-- Name: EmployeeSalaryStructure_employeeId_key; Type: INDEX; Schema: public; Owner: applizor
--

CREATE UNIQUE INDEX "EmployeeSalaryStructure_employeeId_key" ON public."EmployeeSalaryStructure" USING btree ("employeeId");


--
-- Name: Employee_companyId_employeeId_key; Type: INDEX; Schema: public; Owner: applizor
--

CREATE UNIQUE INDEX "Employee_companyId_employeeId_key" ON public."Employee" USING btree ("companyId", "employeeId");


--
-- Name: Employee_companyId_idx; Type: INDEX; Schema: public; Owner: applizor
--

CREATE INDEX "Employee_companyId_idx" ON public."Employee" USING btree ("companyId");


--
-- Name: Employee_email_idx; Type: INDEX; Schema: public; Owner: applizor
--

CREATE INDEX "Employee_email_idx" ON public."Employee" USING btree (email);


--
-- Name: Employee_email_key; Type: INDEX; Schema: public; Owner: applizor
--

CREATE UNIQUE INDEX "Employee_email_key" ON public."Employee" USING btree (email);


--
-- Name: Employee_status_idx; Type: INDEX; Schema: public; Owner: applizor
--

CREATE INDEX "Employee_status_idx" ON public."Employee" USING btree (status);


--
-- Name: Employee_userId_key; Type: INDEX; Schema: public; Owner: applizor
--

CREATE UNIQUE INDEX "Employee_userId_key" ON public."Employee" USING btree ("userId");


--
-- Name: Estimate_companyId_idx; Type: INDEX; Schema: public; Owner: applizor
--

CREATE INDEX "Estimate_companyId_idx" ON public."Estimate" USING btree ("companyId");


--
-- Name: Estimate_leadId_idx; Type: INDEX; Schema: public; Owner: applizor
--

CREATE INDEX "Estimate_leadId_idx" ON public."Estimate" USING btree ("leadId");


--
-- Name: Holiday_date_idx; Type: INDEX; Schema: public; Owner: applizor
--

CREATE INDEX "Holiday_date_idx" ON public."Holiday" USING btree (date);


--
-- Name: Holiday_date_key; Type: INDEX; Schema: public; Owner: applizor
--

CREATE UNIQUE INDEX "Holiday_date_key" ON public."Holiday" USING btree (date);


--
-- Name: InterviewScorecard_interviewId_key; Type: INDEX; Schema: public; Owner: applizor
--

CREATE UNIQUE INDEX "InterviewScorecard_interviewId_key" ON public."InterviewScorecard" USING btree ("interviewId");


--
-- Name: Interview_candidateId_idx; Type: INDEX; Schema: public; Owner: applizor
--

CREATE INDEX "Interview_candidateId_idx" ON public."Interview" USING btree ("candidateId");


--
-- Name: Interview_scheduledAt_idx; Type: INDEX; Schema: public; Owner: applizor
--

CREATE INDEX "Interview_scheduledAt_idx" ON public."Interview" USING btree ("scheduledAt");


--
-- Name: InvoiceItem_invoiceId_idx; Type: INDEX; Schema: public; Owner: applizor
--

CREATE INDEX "InvoiceItem_invoiceId_idx" ON public."InvoiceItem" USING btree ("invoiceId");


--
-- Name: Invoice_clientId_idx; Type: INDEX; Schema: public; Owner: applizor
--

CREATE INDEX "Invoice_clientId_idx" ON public."Invoice" USING btree ("clientId");


--
-- Name: Invoice_companyId_idx; Type: INDEX; Schema: public; Owner: applizor
--

CREATE INDEX "Invoice_companyId_idx" ON public."Invoice" USING btree ("companyId");


--
-- Name: Invoice_companyId_invoiceNumber_key; Type: INDEX; Schema: public; Owner: applizor
--

CREATE UNIQUE INDEX "Invoice_companyId_invoiceNumber_key" ON public."Invoice" USING btree ("companyId", "invoiceNumber");


--
-- Name: Invoice_invoiceDate_idx; Type: INDEX; Schema: public; Owner: applizor
--

CREATE INDEX "Invoice_invoiceDate_idx" ON public."Invoice" USING btree ("invoiceDate");


--
-- Name: Invoice_invoiceNumber_idx; Type: INDEX; Schema: public; Owner: applizor
--

CREATE INDEX "Invoice_invoiceNumber_idx" ON public."Invoice" USING btree ("invoiceNumber");


--
-- Name: Invoice_invoiceNumber_key; Type: INDEX; Schema: public; Owner: applizor
--

CREATE UNIQUE INDEX "Invoice_invoiceNumber_key" ON public."Invoice" USING btree ("invoiceNumber");


--
-- Name: Invoice_status_idx; Type: INDEX; Schema: public; Owner: applizor
--

CREATE INDEX "Invoice_status_idx" ON public."Invoice" USING btree (status);


--
-- Name: Invoice_type_idx; Type: INDEX; Schema: public; Owner: applizor
--

CREATE INDEX "Invoice_type_idx" ON public."Invoice" USING btree (type);


--
-- Name: JobOpening_companyId_idx; Type: INDEX; Schema: public; Owner: applizor
--

CREATE INDEX "JobOpening_companyId_idx" ON public."JobOpening" USING btree ("companyId");


--
-- Name: JobOpening_status_idx; Type: INDEX; Schema: public; Owner: applizor
--

CREATE INDEX "JobOpening_status_idx" ON public."JobOpening" USING btree (status);


--
-- Name: JournalEntryLine_accountId_idx; Type: INDEX; Schema: public; Owner: applizor
--

CREATE INDEX "JournalEntryLine_accountId_idx" ON public."JournalEntryLine" USING btree ("accountId");


--
-- Name: JournalEntryLine_journalEntryId_idx; Type: INDEX; Schema: public; Owner: applizor
--

CREATE INDEX "JournalEntryLine_journalEntryId_idx" ON public."JournalEntryLine" USING btree ("journalEntryId");


--
-- Name: JournalEntry_companyId_idx; Type: INDEX; Schema: public; Owner: applizor
--

CREATE INDEX "JournalEntry_companyId_idx" ON public."JournalEntry" USING btree ("companyId");


--
-- Name: JournalEntry_date_idx; Type: INDEX; Schema: public; Owner: applizor
--

CREATE INDEX "JournalEntry_date_idx" ON public."JournalEntry" USING btree (date);


--
-- Name: LeadActivity_assignedTo_idx; Type: INDEX; Schema: public; Owner: applizor
--

CREATE INDEX "LeadActivity_assignedTo_idx" ON public."LeadActivity" USING btree ("assignedTo");


--
-- Name: LeadActivity_dueDate_idx; Type: INDEX; Schema: public; Owner: applizor
--

CREATE INDEX "LeadActivity_dueDate_idx" ON public."LeadActivity" USING btree ("dueDate");


--
-- Name: LeadActivity_leadId_idx; Type: INDEX; Schema: public; Owner: applizor
--

CREATE INDEX "LeadActivity_leadId_idx" ON public."LeadActivity" USING btree ("leadId");


--
-- Name: LeadActivity_scheduledAt_idx; Type: INDEX; Schema: public; Owner: applizor
--

CREATE INDEX "LeadActivity_scheduledAt_idx" ON public."LeadActivity" USING btree ("scheduledAt");


--
-- Name: LeadActivity_status_idx; Type: INDEX; Schema: public; Owner: applizor
--

CREATE INDEX "LeadActivity_status_idx" ON public."LeadActivity" USING btree (status);


--
-- Name: LeadActivity_type_idx; Type: INDEX; Schema: public; Owner: applizor
--

CREATE INDEX "LeadActivity_type_idx" ON public."LeadActivity" USING btree (type);


--
-- Name: Lead_assignedTo_idx; Type: INDEX; Schema: public; Owner: applizor
--

CREATE INDEX "Lead_assignedTo_idx" ON public."Lead" USING btree ("assignedTo");


--
-- Name: Lead_companyId_idx; Type: INDEX; Schema: public; Owner: applizor
--

CREATE INDEX "Lead_companyId_idx" ON public."Lead" USING btree ("companyId");


--
-- Name: Lead_createdBy_idx; Type: INDEX; Schema: public; Owner: applizor
--

CREATE INDEX "Lead_createdBy_idx" ON public."Lead" USING btree ("createdBy");


--
-- Name: Lead_nextFollowUpAt_idx; Type: INDEX; Schema: public; Owner: applizor
--

CREATE INDEX "Lead_nextFollowUpAt_idx" ON public."Lead" USING btree ("nextFollowUpAt");


--
-- Name: Lead_stage_idx; Type: INDEX; Schema: public; Owner: applizor
--

CREATE INDEX "Lead_stage_idx" ON public."Lead" USING btree (stage);


--
-- Name: Lead_status_idx; Type: INDEX; Schema: public; Owner: applizor
--

CREATE INDEX "Lead_status_idx" ON public."Lead" USING btree (status);


--
-- Name: LeaveAccrual_employeeId_leaveTypeId_year_month_key; Type: INDEX; Schema: public; Owner: applizor
--

CREATE UNIQUE INDEX "LeaveAccrual_employeeId_leaveTypeId_year_month_key" ON public."LeaveAccrual" USING btree ("employeeId", "leaveTypeId", year, month);


--
-- Name: LeaveAccrual_employeeId_year_idx; Type: INDEX; Schema: public; Owner: applizor
--

CREATE INDEX "LeaveAccrual_employeeId_year_idx" ON public."LeaveAccrual" USING btree ("employeeId", year);


--
-- Name: LeaveAccrual_leaveTypeId_idx; Type: INDEX; Schema: public; Owner: applizor
--

CREATE INDEX "LeaveAccrual_leaveTypeId_idx" ON public."LeaveAccrual" USING btree ("leaveTypeId");


--
-- Name: LeaveRequest_employeeId_idx; Type: INDEX; Schema: public; Owner: applizor
--

CREATE INDEX "LeaveRequest_employeeId_idx" ON public."LeaveRequest" USING btree ("employeeId");


--
-- Name: LeaveRequest_startDate_idx; Type: INDEX; Schema: public; Owner: applizor
--

CREATE INDEX "LeaveRequest_startDate_idx" ON public."LeaveRequest" USING btree ("startDate");


--
-- Name: LeaveRequest_status_idx; Type: INDEX; Schema: public; Owner: applizor
--

CREATE INDEX "LeaveRequest_status_idx" ON public."LeaveRequest" USING btree (status);


--
-- Name: LeaveType_name_idx; Type: INDEX; Schema: public; Owner: applizor
--

CREATE INDEX "LeaveType_name_idx" ON public."LeaveType" USING btree (name);


--
-- Name: LeaveType_name_key; Type: INDEX; Schema: public; Owner: applizor
--

CREATE UNIQUE INDEX "LeaveType_name_key" ON public."LeaveType" USING btree (name);


--
-- Name: LedgerAccount_companyId_code_key; Type: INDEX; Schema: public; Owner: applizor
--

CREATE UNIQUE INDEX "LedgerAccount_companyId_code_key" ON public."LedgerAccount" USING btree ("companyId", code);


--
-- Name: LedgerAccount_companyId_idx; Type: INDEX; Schema: public; Owner: applizor
--

CREATE INDEX "LedgerAccount_companyId_idx" ON public."LedgerAccount" USING btree ("companyId");


--
-- Name: OfferLetter_candidateId_idx; Type: INDEX; Schema: public; Owner: applizor
--

CREATE INDEX "OfferLetter_candidateId_idx" ON public."OfferLetter" USING btree ("candidateId");


--
-- Name: OfferLetter_candidateId_key; Type: INDEX; Schema: public; Owner: applizor
--

CREATE UNIQUE INDEX "OfferLetter_candidateId_key" ON public."OfferLetter" USING btree ("candidateId");


--
-- Name: OfferLetter_status_idx; Type: INDEX; Schema: public; Owner: applizor
--

CREATE INDEX "OfferLetter_status_idx" ON public."OfferLetter" USING btree (status);


--
-- Name: Payment_invoiceId_idx; Type: INDEX; Schema: public; Owner: applizor
--

CREATE INDEX "Payment_invoiceId_idx" ON public."Payment" USING btree ("invoiceId");


--
-- Name: Payment_paymentDate_idx; Type: INDEX; Schema: public; Owner: applizor
--

CREATE INDEX "Payment_paymentDate_idx" ON public."Payment" USING btree ("paymentDate");


--
-- Name: Payment_status_idx; Type: INDEX; Schema: public; Owner: applizor
--

CREATE INDEX "Payment_status_idx" ON public."Payment" USING btree (status);


--
-- Name: Payment_transactionId_idx; Type: INDEX; Schema: public; Owner: applizor
--

CREATE INDEX "Payment_transactionId_idx" ON public."Payment" USING btree ("transactionId");


--
-- Name: Payment_transactionId_key; Type: INDEX; Schema: public; Owner: applizor
--

CREATE UNIQUE INDEX "Payment_transactionId_key" ON public."Payment" USING btree ("transactionId");


--
-- Name: Payroll_year_month_idx; Type: INDEX; Schema: public; Owner: applizor
--

CREATE INDEX "Payroll_year_month_idx" ON public."Payroll" USING btree (year, month);


--
-- Name: Position_departmentId_idx; Type: INDEX; Schema: public; Owner: applizor
--

CREATE INDEX "Position_departmentId_idx" ON public."Position" USING btree ("departmentId");


--
-- Name: Position_departmentId_title_key; Type: INDEX; Schema: public; Owner: applizor
--

CREATE UNIQUE INDEX "Position_departmentId_title_key" ON public."Position" USING btree ("departmentId", title);


--
-- Name: Project_clientId_idx; Type: INDEX; Schema: public; Owner: applizor
--

CREATE INDEX "Project_clientId_idx" ON public."Project" USING btree ("clientId");


--
-- Name: Project_companyId_idx; Type: INDEX; Schema: public; Owner: applizor
--

CREATE INDEX "Project_companyId_idx" ON public."Project" USING btree ("companyId");


--
-- Name: Project_status_idx; Type: INDEX; Schema: public; Owner: applizor
--

CREATE INDEX "Project_status_idx" ON public."Project" USING btree (status);


--
-- Name: QuotationItem_quotationId_idx; Type: INDEX; Schema: public; Owner: applizor
--

CREATE INDEX "QuotationItem_quotationId_idx" ON public."QuotationItem" USING btree ("quotationId");


--
-- Name: Quotation_clientId_idx; Type: INDEX; Schema: public; Owner: applizor
--

CREATE INDEX "Quotation_clientId_idx" ON public."Quotation" USING btree ("clientId");


--
-- Name: Quotation_companyId_idx; Type: INDEX; Schema: public; Owner: applizor
--

CREATE INDEX "Quotation_companyId_idx" ON public."Quotation" USING btree ("companyId");


--
-- Name: Quotation_companyId_quotationNumber_key; Type: INDEX; Schema: public; Owner: applizor
--

CREATE UNIQUE INDEX "Quotation_companyId_quotationNumber_key" ON public."Quotation" USING btree ("companyId", "quotationNumber");


--
-- Name: Quotation_leadId_idx; Type: INDEX; Schema: public; Owner: applizor
--

CREATE INDEX "Quotation_leadId_idx" ON public."Quotation" USING btree ("leadId");


--
-- Name: Quotation_publicToken_key; Type: INDEX; Schema: public; Owner: applizor
--

CREATE UNIQUE INDEX "Quotation_publicToken_key" ON public."Quotation" USING btree ("publicToken");


--
-- Name: Quotation_quotationNumber_key; Type: INDEX; Schema: public; Owner: applizor
--

CREATE UNIQUE INDEX "Quotation_quotationNumber_key" ON public."Quotation" USING btree ("quotationNumber");


--
-- Name: Quotation_status_idx; Type: INDEX; Schema: public; Owner: applizor
--

CREATE INDEX "Quotation_status_idx" ON public."Quotation" USING btree (status);


--
-- Name: RolePermission_roleId_idx; Type: INDEX; Schema: public; Owner: applizor
--

CREATE INDEX "RolePermission_roleId_idx" ON public."RolePermission" USING btree ("roleId");


--
-- Name: RolePermission_roleId_module_key; Type: INDEX; Schema: public; Owner: applizor
--

CREATE UNIQUE INDEX "RolePermission_roleId_module_key" ON public."RolePermission" USING btree ("roleId", module);


--
-- Name: Role_name_idx; Type: INDEX; Schema: public; Owner: applizor
--

CREATE INDEX "Role_name_idx" ON public."Role" USING btree (name);


--
-- Name: Role_name_key; Type: INDEX; Schema: public; Owner: applizor
--

CREATE UNIQUE INDEX "Role_name_key" ON public."Role" USING btree (name);


--
-- Name: SalaryComponent_companyId_idx; Type: INDEX; Schema: public; Owner: applizor
--

CREATE INDEX "SalaryComponent_companyId_idx" ON public."SalaryComponent" USING btree ("companyId");


--
-- Name: SalesTarget_companyId_idx; Type: INDEX; Schema: public; Owner: applizor
--

CREATE INDEX "SalesTarget_companyId_idx" ON public."SalesTarget" USING btree ("companyId");


--
-- Name: SalesTarget_employeeId_idx; Type: INDEX; Schema: public; Owner: applizor
--

CREATE INDEX "SalesTarget_employeeId_idx" ON public."SalesTarget" USING btree ("employeeId");


--
-- Name: SalesTarget_period_idx; Type: INDEX; Schema: public; Owner: applizor
--

CREATE INDEX "SalesTarget_period_idx" ON public."SalesTarget" USING btree (period);


--
-- Name: ShiftRoster_date_idx; Type: INDEX; Schema: public; Owner: applizor
--

CREATE INDEX "ShiftRoster_date_idx" ON public."ShiftRoster" USING btree (date);


--
-- Name: ShiftRoster_employeeId_date_key; Type: INDEX; Schema: public; Owner: applizor
--

CREATE UNIQUE INDEX "ShiftRoster_employeeId_date_key" ON public."ShiftRoster" USING btree ("employeeId", date);


--
-- Name: ShiftRoster_employeeId_idx; Type: INDEX; Schema: public; Owner: applizor
--

CREATE INDEX "ShiftRoster_employeeId_idx" ON public."ShiftRoster" USING btree ("employeeId");


--
-- Name: Shift_companyId_idx; Type: INDEX; Schema: public; Owner: applizor
--

CREATE INDEX "Shift_companyId_idx" ON public."Shift" USING btree ("companyId");


--
-- Name: Subscription_clientId_idx; Type: INDEX; Schema: public; Owner: applizor
--

CREATE INDEX "Subscription_clientId_idx" ON public."Subscription" USING btree ("clientId");


--
-- Name: Subscription_companyId_idx; Type: INDEX; Schema: public; Owner: applizor
--

CREATE INDEX "Subscription_companyId_idx" ON public."Subscription" USING btree ("companyId");


--
-- Name: Subscription_nextBillingDate_idx; Type: INDEX; Schema: public; Owner: applizor
--

CREATE INDEX "Subscription_nextBillingDate_idx" ON public."Subscription" USING btree ("nextBillingDate");


--
-- Name: Subscription_status_idx; Type: INDEX; Schema: public; Owner: applizor
--

CREATE INDEX "Subscription_status_idx" ON public."Subscription" USING btree (status);


--
-- Name: Task_assignedToId_idx; Type: INDEX; Schema: public; Owner: applizor
--

CREATE INDEX "Task_assignedToId_idx" ON public."Task" USING btree ("assignedToId");


--
-- Name: Task_projectId_idx; Type: INDEX; Schema: public; Owner: applizor
--

CREATE INDEX "Task_projectId_idx" ON public."Task" USING btree ("projectId");


--
-- Name: Task_status_idx; Type: INDEX; Schema: public; Owner: applizor
--

CREATE INDEX "Task_status_idx" ON public."Task" USING btree (status);


--
-- Name: Timesheet_companyId_idx; Type: INDEX; Schema: public; Owner: applizor
--

CREATE INDEX "Timesheet_companyId_idx" ON public."Timesheet" USING btree ("companyId");


--
-- Name: Timesheet_date_idx; Type: INDEX; Schema: public; Owner: applizor
--

CREATE INDEX "Timesheet_date_idx" ON public."Timesheet" USING btree (date);


--
-- Name: Timesheet_employeeId_idx; Type: INDEX; Schema: public; Owner: applizor
--

CREATE INDEX "Timesheet_employeeId_idx" ON public."Timesheet" USING btree ("employeeId");


--
-- Name: Timesheet_employeeId_projectId_date_key; Type: INDEX; Schema: public; Owner: applizor
--

CREATE UNIQUE INDEX "Timesheet_employeeId_projectId_date_key" ON public."Timesheet" USING btree ("employeeId", "projectId", date);


--
-- Name: Timesheet_projectId_idx; Type: INDEX; Schema: public; Owner: applizor
--

CREATE INDEX "Timesheet_projectId_idx" ON public."Timesheet" USING btree ("projectId");


--
-- Name: Transaction_accountId_idx; Type: INDEX; Schema: public; Owner: applizor
--

CREATE INDEX "Transaction_accountId_idx" ON public."Transaction" USING btree ("accountId");


--
-- Name: Transaction_date_idx; Type: INDEX; Schema: public; Owner: applizor
--

CREATE INDEX "Transaction_date_idx" ON public."Transaction" USING btree (date);


--
-- Name: Transaction_reference_idx; Type: INDEX; Schema: public; Owner: applizor
--

CREATE INDEX "Transaction_reference_idx" ON public."Transaction" USING btree (reference);


--
-- Name: UserRole_roleId_idx; Type: INDEX; Schema: public; Owner: applizor
--

CREATE INDEX "UserRole_roleId_idx" ON public."UserRole" USING btree ("roleId");


--
-- Name: UserRole_userId_idx; Type: INDEX; Schema: public; Owner: applizor
--

CREATE INDEX "UserRole_userId_idx" ON public."UserRole" USING btree ("userId");


--
-- Name: UserRole_userId_roleId_key; Type: INDEX; Schema: public; Owner: applizor
--

CREATE UNIQUE INDEX "UserRole_userId_roleId_key" ON public."UserRole" USING btree ("userId", "roleId");


--
-- Name: User_companyId_idx; Type: INDEX; Schema: public; Owner: applizor
--

CREATE INDEX "User_companyId_idx" ON public."User" USING btree ("companyId");


--
-- Name: User_email_idx; Type: INDEX; Schema: public; Owner: applizor
--

CREATE INDEX "User_email_idx" ON public."User" USING btree (email);


--
-- Name: User_email_key; Type: INDEX; Schema: public; Owner: applizor
--

CREATE UNIQUE INDEX "User_email_key" ON public."User" USING btree (email);


--
-- Name: quotation_templates_category_idx; Type: INDEX; Schema: public; Owner: applizor
--

CREATE INDEX quotation_templates_category_idx ON public.quotation_templates USING btree (category);


--
-- Name: quotation_templates_companyId_idx; Type: INDEX; Schema: public; Owner: applizor
--

CREATE INDEX "quotation_templates_companyId_idx" ON public.quotation_templates USING btree ("companyId");


--
-- Name: Asset Asset_companyId_fkey; Type: FK CONSTRAINT; Schema: public; Owner: applizor
--

ALTER TABLE ONLY public."Asset"
    ADD CONSTRAINT "Asset_companyId_fkey" FOREIGN KEY ("companyId") REFERENCES public."Company"(id) ON UPDATE CASCADE ON DELETE CASCADE;


--
-- Name: Asset Asset_employeeId_fkey; Type: FK CONSTRAINT; Schema: public; Owner: applizor
--

ALTER TABLE ONLY public."Asset"
    ADD CONSTRAINT "Asset_employeeId_fkey" FOREIGN KEY ("employeeId") REFERENCES public."Employee"(id) ON UPDATE CASCADE ON DELETE SET NULL;


--
-- Name: Attendance Attendance_employeeId_fkey; Type: FK CONSTRAINT; Schema: public; Owner: applizor
--

ALTER TABLE ONLY public."Attendance"
    ADD CONSTRAINT "Attendance_employeeId_fkey" FOREIGN KEY ("employeeId") REFERENCES public."Employee"(id) ON UPDATE CASCADE ON DELETE CASCADE;


--
-- Name: AuditLog AuditLog_companyId_fkey; Type: FK CONSTRAINT; Schema: public; Owner: applizor
--

ALTER TABLE ONLY public."AuditLog"
    ADD CONSTRAINT "AuditLog_companyId_fkey" FOREIGN KEY ("companyId") REFERENCES public."Company"(id) ON UPDATE CASCADE ON DELETE CASCADE;


--
-- Name: AuditLog AuditLog_userId_fkey; Type: FK CONSTRAINT; Schema: public; Owner: applizor
--

ALTER TABLE ONLY public."AuditLog"
    ADD CONSTRAINT "AuditLog_userId_fkey" FOREIGN KEY ("userId") REFERENCES public."User"(id) ON UPDATE CASCADE ON DELETE SET NULL;


--
-- Name: Branch Branch_companyId_fkey; Type: FK CONSTRAINT; Schema: public; Owner: applizor
--

ALTER TABLE ONLY public."Branch"
    ADD CONSTRAINT "Branch_companyId_fkey" FOREIGN KEY ("companyId") REFERENCES public."Company"(id) ON UPDATE CASCADE ON DELETE CASCADE;


--
-- Name: Candidate Candidate_companyId_fkey; Type: FK CONSTRAINT; Schema: public; Owner: applizor
--

ALTER TABLE ONLY public."Candidate"
    ADD CONSTRAINT "Candidate_companyId_fkey" FOREIGN KEY ("companyId") REFERENCES public."Company"(id) ON UPDATE CASCADE ON DELETE CASCADE;


--
-- Name: Candidate Candidate_jobOpeningId_fkey; Type: FK CONSTRAINT; Schema: public; Owner: applizor
--

ALTER TABLE ONLY public."Candidate"
    ADD CONSTRAINT "Candidate_jobOpeningId_fkey" FOREIGN KEY ("jobOpeningId") REFERENCES public."JobOpening"(id) ON UPDATE CASCADE ON DELETE SET NULL;


--
-- Name: Client Client_companyId_fkey; Type: FK CONSTRAINT; Schema: public; Owner: applizor
--

ALTER TABLE ONLY public."Client"
    ADD CONSTRAINT "Client_companyId_fkey" FOREIGN KEY ("companyId") REFERENCES public."Company"(id) ON UPDATE CASCADE ON DELETE CASCADE;


--
-- Name: Department Department_companyId_fkey; Type: FK CONSTRAINT; Schema: public; Owner: applizor
--

ALTER TABLE ONLY public."Department"
    ADD CONSTRAINT "Department_companyId_fkey" FOREIGN KEY ("companyId") REFERENCES public."Company"(id) ON UPDATE CASCADE ON DELETE CASCADE;


--
-- Name: DocumentTemplate DocumentTemplate_companyId_fkey; Type: FK CONSTRAINT; Schema: public; Owner: applizor
--

ALTER TABLE ONLY public."DocumentTemplate"
    ADD CONSTRAINT "DocumentTemplate_companyId_fkey" FOREIGN KEY ("companyId") REFERENCES public."Company"(id) ON UPDATE CASCADE ON DELETE CASCADE;


--
-- Name: Document Document_clientId_fkey; Type: FK CONSTRAINT; Schema: public; Owner: applizor
--

ALTER TABLE ONLY public."Document"
    ADD CONSTRAINT "Document_clientId_fkey" FOREIGN KEY ("clientId") REFERENCES public."Client"(id) ON UPDATE CASCADE ON DELETE SET NULL;


--
-- Name: Document Document_companyId_fkey; Type: FK CONSTRAINT; Schema: public; Owner: applizor
--

ALTER TABLE ONLY public."Document"
    ADD CONSTRAINT "Document_companyId_fkey" FOREIGN KEY ("companyId") REFERENCES public."Company"(id) ON UPDATE CASCADE ON DELETE CASCADE;


--
-- Name: Document Document_employeeId_fkey; Type: FK CONSTRAINT; Schema: public; Owner: applizor
--

ALTER TABLE ONLY public."Document"
    ADD CONSTRAINT "Document_employeeId_fkey" FOREIGN KEY ("employeeId") REFERENCES public."Employee"(id) ON UPDATE CASCADE ON DELETE SET NULL;


--
-- Name: Document Document_invoiceId_fkey; Type: FK CONSTRAINT; Schema: public; Owner: applizor
--

ALTER TABLE ONLY public."Document"
    ADD CONSTRAINT "Document_invoiceId_fkey" FOREIGN KEY ("invoiceId") REFERENCES public."Invoice"(id) ON UPDATE CASCADE ON DELETE SET NULL;


--
-- Name: Document Document_projectId_fkey; Type: FK CONSTRAINT; Schema: public; Owner: applizor
--

ALTER TABLE ONLY public."Document"
    ADD CONSTRAINT "Document_projectId_fkey" FOREIGN KEY ("projectId") REFERENCES public."Project"(id) ON UPDATE CASCADE ON DELETE SET NULL;


--
-- Name: EmailTemplate EmailTemplate_companyId_fkey; Type: FK CONSTRAINT; Schema: public; Owner: applizor
--

ALTER TABLE ONLY public."EmailTemplate"
    ADD CONSTRAINT "EmailTemplate_companyId_fkey" FOREIGN KEY ("companyId") REFERENCES public."Company"(id) ON UPDATE CASCADE ON DELETE CASCADE;


--
-- Name: EmployeeLeaveBalance EmployeeLeaveBalance_employeeId_fkey; Type: FK CONSTRAINT; Schema: public; Owner: applizor
--

ALTER TABLE ONLY public."EmployeeLeaveBalance"
    ADD CONSTRAINT "EmployeeLeaveBalance_employeeId_fkey" FOREIGN KEY ("employeeId") REFERENCES public."Employee"(id) ON UPDATE CASCADE ON DELETE CASCADE;


--
-- Name: EmployeeLeaveBalance EmployeeLeaveBalance_leaveTypeId_fkey; Type: FK CONSTRAINT; Schema: public; Owner: applizor
--

ALTER TABLE ONLY public."EmployeeLeaveBalance"
    ADD CONSTRAINT "EmployeeLeaveBalance_leaveTypeId_fkey" FOREIGN KEY ("leaveTypeId") REFERENCES public."LeaveType"(id) ON UPDATE CASCADE ON DELETE CASCADE;


--
-- Name: EmployeeSalaryComponent EmployeeSalaryComponent_componentId_fkey; Type: FK CONSTRAINT; Schema: public; Owner: applizor
--

ALTER TABLE ONLY public."EmployeeSalaryComponent"
    ADD CONSTRAINT "EmployeeSalaryComponent_componentId_fkey" FOREIGN KEY ("componentId") REFERENCES public."SalaryComponent"(id) ON UPDATE CASCADE ON DELETE RESTRICT;


--
-- Name: EmployeeSalaryComponent EmployeeSalaryComponent_structureId_fkey; Type: FK CONSTRAINT; Schema: public; Owner: applizor
--

ALTER TABLE ONLY public."EmployeeSalaryComponent"
    ADD CONSTRAINT "EmployeeSalaryComponent_structureId_fkey" FOREIGN KEY ("structureId") REFERENCES public."EmployeeSalaryStructure"(id) ON UPDATE CASCADE ON DELETE CASCADE;


--
-- Name: EmployeeSalaryStructure EmployeeSalaryStructure_employeeId_fkey; Type: FK CONSTRAINT; Schema: public; Owner: applizor
--

ALTER TABLE ONLY public."EmployeeSalaryStructure"
    ADD CONSTRAINT "EmployeeSalaryStructure_employeeId_fkey" FOREIGN KEY ("employeeId") REFERENCES public."Employee"(id) ON UPDATE CASCADE ON DELETE CASCADE;


--
-- Name: Employee Employee_companyId_fkey; Type: FK CONSTRAINT; Schema: public; Owner: applizor
--

ALTER TABLE ONLY public."Employee"
    ADD CONSTRAINT "Employee_companyId_fkey" FOREIGN KEY ("companyId") REFERENCES public."Company"(id) ON UPDATE CASCADE ON DELETE CASCADE;


--
-- Name: Employee Employee_createdById_fkey; Type: FK CONSTRAINT; Schema: public; Owner: applizor
--

ALTER TABLE ONLY public."Employee"
    ADD CONSTRAINT "Employee_createdById_fkey" FOREIGN KEY ("createdById") REFERENCES public."User"(id) ON UPDATE CASCADE ON DELETE SET NULL;


--
-- Name: Employee Employee_departmentId_fkey; Type: FK CONSTRAINT; Schema: public; Owner: applizor
--

ALTER TABLE ONLY public."Employee"
    ADD CONSTRAINT "Employee_departmentId_fkey" FOREIGN KEY ("departmentId") REFERENCES public."Department"(id) ON UPDATE CASCADE ON DELETE SET NULL;


--
-- Name: Employee Employee_positionId_fkey; Type: FK CONSTRAINT; Schema: public; Owner: applizor
--

ALTER TABLE ONLY public."Employee"
    ADD CONSTRAINT "Employee_positionId_fkey" FOREIGN KEY ("positionId") REFERENCES public."Position"(id) ON UPDATE CASCADE ON DELETE SET NULL;


--
-- Name: Employee Employee_shiftId_fkey; Type: FK CONSTRAINT; Schema: public; Owner: applizor
--

ALTER TABLE ONLY public."Employee"
    ADD CONSTRAINT "Employee_shiftId_fkey" FOREIGN KEY ("shiftId") REFERENCES public."Shift"(id) ON UPDATE CASCADE ON DELETE SET NULL;


--
-- Name: Employee Employee_userId_fkey; Type: FK CONSTRAINT; Schema: public; Owner: applizor
--

ALTER TABLE ONLY public."Employee"
    ADD CONSTRAINT "Employee_userId_fkey" FOREIGN KEY ("userId") REFERENCES public."User"(id) ON UPDATE CASCADE ON DELETE SET NULL;


--
-- Name: InterviewScorecard InterviewScorecard_interviewId_fkey; Type: FK CONSTRAINT; Schema: public; Owner: applizor
--

ALTER TABLE ONLY public."InterviewScorecard"
    ADD CONSTRAINT "InterviewScorecard_interviewId_fkey" FOREIGN KEY ("interviewId") REFERENCES public."Interview"(id) ON UPDATE CASCADE ON DELETE CASCADE;


--
-- Name: Interview Interview_candidateId_fkey; Type: FK CONSTRAINT; Schema: public; Owner: applizor
--

ALTER TABLE ONLY public."Interview"
    ADD CONSTRAINT "Interview_candidateId_fkey" FOREIGN KEY ("candidateId") REFERENCES public."Candidate"(id) ON UPDATE CASCADE ON DELETE CASCADE;


--
-- Name: InvoiceItem InvoiceItem_invoiceId_fkey; Type: FK CONSTRAINT; Schema: public; Owner: applizor
--

ALTER TABLE ONLY public."InvoiceItem"
    ADD CONSTRAINT "InvoiceItem_invoiceId_fkey" FOREIGN KEY ("invoiceId") REFERENCES public."Invoice"(id) ON UPDATE CASCADE ON DELETE CASCADE;


--
-- Name: Invoice Invoice_clientId_fkey; Type: FK CONSTRAINT; Schema: public; Owner: applizor
--

ALTER TABLE ONLY public."Invoice"
    ADD CONSTRAINT "Invoice_clientId_fkey" FOREIGN KEY ("clientId") REFERENCES public."Client"(id) ON UPDATE CASCADE ON DELETE RESTRICT;


--
-- Name: Invoice Invoice_companyId_fkey; Type: FK CONSTRAINT; Schema: public; Owner: applizor
--

ALTER TABLE ONLY public."Invoice"
    ADD CONSTRAINT "Invoice_companyId_fkey" FOREIGN KEY ("companyId") REFERENCES public."Company"(id) ON UPDATE CASCADE ON DELETE CASCADE;


--
-- Name: JobOpening JobOpening_companyId_fkey; Type: FK CONSTRAINT; Schema: public; Owner: applizor
--

ALTER TABLE ONLY public."JobOpening"
    ADD CONSTRAINT "JobOpening_companyId_fkey" FOREIGN KEY ("companyId") REFERENCES public."Company"(id) ON UPDATE CASCADE ON DELETE CASCADE;


--
-- Name: JournalEntryLine JournalEntryLine_accountId_fkey; Type: FK CONSTRAINT; Schema: public; Owner: applizor
--

ALTER TABLE ONLY public."JournalEntryLine"
    ADD CONSTRAINT "JournalEntryLine_accountId_fkey" FOREIGN KEY ("accountId") REFERENCES public."LedgerAccount"(id) ON UPDATE CASCADE ON DELETE RESTRICT;


--
-- Name: JournalEntryLine JournalEntryLine_journalEntryId_fkey; Type: FK CONSTRAINT; Schema: public; Owner: applizor
--

ALTER TABLE ONLY public."JournalEntryLine"
    ADD CONSTRAINT "JournalEntryLine_journalEntryId_fkey" FOREIGN KEY ("journalEntryId") REFERENCES public."JournalEntry"(id) ON UPDATE CASCADE ON DELETE CASCADE;


--
-- Name: JournalEntry JournalEntry_companyId_fkey; Type: FK CONSTRAINT; Schema: public; Owner: applizor
--

ALTER TABLE ONLY public."JournalEntry"
    ADD CONSTRAINT "JournalEntry_companyId_fkey" FOREIGN KEY ("companyId") REFERENCES public."Company"(id) ON UPDATE CASCADE ON DELETE CASCADE;


--
-- Name: LeadActivity LeadActivity_leadId_fkey; Type: FK CONSTRAINT; Schema: public; Owner: applizor
--

ALTER TABLE ONLY public."LeadActivity"
    ADD CONSTRAINT "LeadActivity_leadId_fkey" FOREIGN KEY ("leadId") REFERENCES public."Lead"(id) ON UPDATE CASCADE ON DELETE CASCADE;


--
-- Name: Lead Lead_assignedTo_fkey; Type: FK CONSTRAINT; Schema: public; Owner: applizor
--

ALTER TABLE ONLY public."Lead"
    ADD CONSTRAINT "Lead_assignedTo_fkey" FOREIGN KEY ("assignedTo") REFERENCES public."User"(id) ON UPDATE CASCADE ON DELETE SET NULL;


--
-- Name: Lead Lead_companyId_fkey; Type: FK CONSTRAINT; Schema: public; Owner: applizor
--

ALTER TABLE ONLY public."Lead"
    ADD CONSTRAINT "Lead_companyId_fkey" FOREIGN KEY ("companyId") REFERENCES public."Company"(id) ON UPDATE CASCADE ON DELETE CASCADE;


--
-- Name: Lead Lead_createdBy_fkey; Type: FK CONSTRAINT; Schema: public; Owner: applizor
--

ALTER TABLE ONLY public."Lead"
    ADD CONSTRAINT "Lead_createdBy_fkey" FOREIGN KEY ("createdBy") REFERENCES public."User"(id) ON UPDATE CASCADE ON DELETE SET NULL;


--
-- Name: LeaveAccrual LeaveAccrual_employeeId_fkey; Type: FK CONSTRAINT; Schema: public; Owner: applizor
--

ALTER TABLE ONLY public."LeaveAccrual"
    ADD CONSTRAINT "LeaveAccrual_employeeId_fkey" FOREIGN KEY ("employeeId") REFERENCES public."Employee"(id) ON UPDATE CASCADE ON DELETE CASCADE;


--
-- Name: LeaveAccrual LeaveAccrual_leaveTypeId_fkey; Type: FK CONSTRAINT; Schema: public; Owner: applizor
--

ALTER TABLE ONLY public."LeaveAccrual"
    ADD CONSTRAINT "LeaveAccrual_leaveTypeId_fkey" FOREIGN KEY ("leaveTypeId") REFERENCES public."LeaveType"(id) ON UPDATE CASCADE ON DELETE CASCADE;


--
-- Name: LeaveRequest LeaveRequest_employeeId_fkey; Type: FK CONSTRAINT; Schema: public; Owner: applizor
--

ALTER TABLE ONLY public."LeaveRequest"
    ADD CONSTRAINT "LeaveRequest_employeeId_fkey" FOREIGN KEY ("employeeId") REFERENCES public."Employee"(id) ON UPDATE CASCADE ON DELETE CASCADE;


--
-- Name: LeaveRequest LeaveRequest_leaveTypeId_fkey; Type: FK CONSTRAINT; Schema: public; Owner: applizor
--

ALTER TABLE ONLY public."LeaveRequest"
    ADD CONSTRAINT "LeaveRequest_leaveTypeId_fkey" FOREIGN KEY ("leaveTypeId") REFERENCES public."LeaveType"(id) ON UPDATE CASCADE ON DELETE RESTRICT;


--
-- Name: LedgerAccount LedgerAccount_companyId_fkey; Type: FK CONSTRAINT; Schema: public; Owner: applizor
--

ALTER TABLE ONLY public."LedgerAccount"
    ADD CONSTRAINT "LedgerAccount_companyId_fkey" FOREIGN KEY ("companyId") REFERENCES public."Company"(id) ON UPDATE CASCADE ON DELETE CASCADE;


--
-- Name: OfferLetter OfferLetter_candidateId_fkey; Type: FK CONSTRAINT; Schema: public; Owner: applizor
--

ALTER TABLE ONLY public."OfferLetter"
    ADD CONSTRAINT "OfferLetter_candidateId_fkey" FOREIGN KEY ("candidateId") REFERENCES public."Candidate"(id) ON UPDATE CASCADE ON DELETE CASCADE;


--
-- Name: Payment Payment_invoiceId_fkey; Type: FK CONSTRAINT; Schema: public; Owner: applizor
--

ALTER TABLE ONLY public."Payment"
    ADD CONSTRAINT "Payment_invoiceId_fkey" FOREIGN KEY ("invoiceId") REFERENCES public."Invoice"(id) ON UPDATE CASCADE ON DELETE SET NULL;


--
-- Name: Payroll Payroll_employeeId_fkey; Type: FK CONSTRAINT; Schema: public; Owner: applizor
--

ALTER TABLE ONLY public."Payroll"
    ADD CONSTRAINT "Payroll_employeeId_fkey" FOREIGN KEY ("employeeId") REFERENCES public."Employee"(id) ON UPDATE CASCADE ON DELETE CASCADE;


--
-- Name: Position Position_departmentId_fkey; Type: FK CONSTRAINT; Schema: public; Owner: applizor
--

ALTER TABLE ONLY public."Position"
    ADD CONSTRAINT "Position_departmentId_fkey" FOREIGN KEY ("departmentId") REFERENCES public."Department"(id) ON UPDATE CASCADE ON DELETE CASCADE;


--
-- Name: Project Project_clientId_fkey; Type: FK CONSTRAINT; Schema: public; Owner: applizor
--

ALTER TABLE ONLY public."Project"
    ADD CONSTRAINT "Project_clientId_fkey" FOREIGN KEY ("clientId") REFERENCES public."Client"(id) ON UPDATE CASCADE ON DELETE SET NULL;


--
-- Name: Project Project_companyId_fkey; Type: FK CONSTRAINT; Schema: public; Owner: applizor
--

ALTER TABLE ONLY public."Project"
    ADD CONSTRAINT "Project_companyId_fkey" FOREIGN KEY ("companyId") REFERENCES public."Company"(id) ON UPDATE CASCADE ON DELETE CASCADE;


--
-- Name: QuotationItem QuotationItem_quotationId_fkey; Type: FK CONSTRAINT; Schema: public; Owner: applizor
--

ALTER TABLE ONLY public."QuotationItem"
    ADD CONSTRAINT "QuotationItem_quotationId_fkey" FOREIGN KEY ("quotationId") REFERENCES public."Quotation"(id) ON UPDATE CASCADE ON DELETE CASCADE;


--
-- Name: Quotation Quotation_assignedTo_fkey; Type: FK CONSTRAINT; Schema: public; Owner: applizor
--

ALTER TABLE ONLY public."Quotation"
    ADD CONSTRAINT "Quotation_assignedTo_fkey" FOREIGN KEY ("assignedTo") REFERENCES public."User"(id) ON UPDATE CASCADE ON DELETE SET NULL;


--
-- Name: Quotation Quotation_companyId_fkey; Type: FK CONSTRAINT; Schema: public; Owner: applizor
--

ALTER TABLE ONLY public."Quotation"
    ADD CONSTRAINT "Quotation_companyId_fkey" FOREIGN KEY ("companyId") REFERENCES public."Company"(id) ON UPDATE CASCADE ON DELETE CASCADE;


--
-- Name: Quotation Quotation_createdBy_fkey; Type: FK CONSTRAINT; Schema: public; Owner: applizor
--

ALTER TABLE ONLY public."Quotation"
    ADD CONSTRAINT "Quotation_createdBy_fkey" FOREIGN KEY ("createdBy") REFERENCES public."User"(id) ON UPDATE CASCADE ON DELETE SET NULL;


--
-- Name: Quotation Quotation_leadId_fkey; Type: FK CONSTRAINT; Schema: public; Owner: applizor
--

ALTER TABLE ONLY public."Quotation"
    ADD CONSTRAINT "Quotation_leadId_fkey" FOREIGN KEY ("leadId") REFERENCES public."Lead"(id) ON UPDATE CASCADE ON DELETE SET NULL;


--
-- Name: RolePermission RolePermission_roleId_fkey; Type: FK CONSTRAINT; Schema: public; Owner: applizor
--

ALTER TABLE ONLY public."RolePermission"
    ADD CONSTRAINT "RolePermission_roleId_fkey" FOREIGN KEY ("roleId") REFERENCES public."Role"(id) ON UPDATE CASCADE ON DELETE CASCADE;


--
-- Name: SalaryComponent SalaryComponent_companyId_fkey; Type: FK CONSTRAINT; Schema: public; Owner: applizor
--

ALTER TABLE ONLY public."SalaryComponent"
    ADD CONSTRAINT "SalaryComponent_companyId_fkey" FOREIGN KEY ("companyId") REFERENCES public."Company"(id) ON UPDATE CASCADE ON DELETE CASCADE;


--
-- Name: SalesTarget SalesTarget_companyId_fkey; Type: FK CONSTRAINT; Schema: public; Owner: applizor
--

ALTER TABLE ONLY public."SalesTarget"
    ADD CONSTRAINT "SalesTarget_companyId_fkey" FOREIGN KEY ("companyId") REFERENCES public."Company"(id) ON UPDATE CASCADE ON DELETE CASCADE;


--
-- Name: SalesTarget SalesTarget_employeeId_fkey; Type: FK CONSTRAINT; Schema: public; Owner: applizor
--

ALTER TABLE ONLY public."SalesTarget"
    ADD CONSTRAINT "SalesTarget_employeeId_fkey" FOREIGN KEY ("employeeId") REFERENCES public."Employee"(id) ON UPDATE CASCADE ON DELETE CASCADE;


--
-- Name: ShiftRoster ShiftRoster_employeeId_fkey; Type: FK CONSTRAINT; Schema: public; Owner: applizor
--

ALTER TABLE ONLY public."ShiftRoster"
    ADD CONSTRAINT "ShiftRoster_employeeId_fkey" FOREIGN KEY ("employeeId") REFERENCES public."Employee"(id) ON UPDATE CASCADE ON DELETE CASCADE;


--
-- Name: ShiftRoster ShiftRoster_shiftId_fkey; Type: FK CONSTRAINT; Schema: public; Owner: applizor
--

ALTER TABLE ONLY public."ShiftRoster"
    ADD CONSTRAINT "ShiftRoster_shiftId_fkey" FOREIGN KEY ("shiftId") REFERENCES public."Shift"(id) ON UPDATE CASCADE ON DELETE RESTRICT;


--
-- Name: Shift Shift_companyId_fkey; Type: FK CONSTRAINT; Schema: public; Owner: applizor
--

ALTER TABLE ONLY public."Shift"
    ADD CONSTRAINT "Shift_companyId_fkey" FOREIGN KEY ("companyId") REFERENCES public."Company"(id) ON UPDATE CASCADE ON DELETE CASCADE;


--
-- Name: Subscription Subscription_clientId_fkey; Type: FK CONSTRAINT; Schema: public; Owner: applizor
--

ALTER TABLE ONLY public."Subscription"
    ADD CONSTRAINT "Subscription_clientId_fkey" FOREIGN KEY ("clientId") REFERENCES public."Client"(id) ON UPDATE CASCADE ON DELETE RESTRICT;


--
-- Name: Subscription Subscription_companyId_fkey; Type: FK CONSTRAINT; Schema: public; Owner: applizor
--

ALTER TABLE ONLY public."Subscription"
    ADD CONSTRAINT "Subscription_companyId_fkey" FOREIGN KEY ("companyId") REFERENCES public."Company"(id) ON UPDATE CASCADE ON DELETE CASCADE;


--
-- Name: Task Task_assignedToId_fkey; Type: FK CONSTRAINT; Schema: public; Owner: applizor
--

ALTER TABLE ONLY public."Task"
    ADD CONSTRAINT "Task_assignedToId_fkey" FOREIGN KEY ("assignedToId") REFERENCES public."User"(id) ON UPDATE CASCADE ON DELETE SET NULL;


--
-- Name: Task Task_createdById_fkey; Type: FK CONSTRAINT; Schema: public; Owner: applizor
--

ALTER TABLE ONLY public."Task"
    ADD CONSTRAINT "Task_createdById_fkey" FOREIGN KEY ("createdById") REFERENCES public."User"(id) ON UPDATE CASCADE ON DELETE RESTRICT;


--
-- Name: Task Task_projectId_fkey; Type: FK CONSTRAINT; Schema: public; Owner: applizor
--

ALTER TABLE ONLY public."Task"
    ADD CONSTRAINT "Task_projectId_fkey" FOREIGN KEY ("projectId") REFERENCES public."Project"(id) ON UPDATE CASCADE ON DELETE CASCADE;


--
-- Name: Timesheet Timesheet_employeeId_fkey; Type: FK CONSTRAINT; Schema: public; Owner: applizor
--

ALTER TABLE ONLY public."Timesheet"
    ADD CONSTRAINT "Timesheet_employeeId_fkey" FOREIGN KEY ("employeeId") REFERENCES public."Employee"(id) ON UPDATE CASCADE ON DELETE CASCADE;


--
-- Name: Timesheet Timesheet_projectId_fkey; Type: FK CONSTRAINT; Schema: public; Owner: applizor
--

ALTER TABLE ONLY public."Timesheet"
    ADD CONSTRAINT "Timesheet_projectId_fkey" FOREIGN KEY ("projectId") REFERENCES public."Project"(id) ON UPDATE CASCADE ON DELETE SET NULL;


--
-- Name: Transaction Transaction_accountId_fkey; Type: FK CONSTRAINT; Schema: public; Owner: applizor
--

ALTER TABLE ONLY public."Transaction"
    ADD CONSTRAINT "Transaction_accountId_fkey" FOREIGN KEY ("accountId") REFERENCES public."Account"(id) ON UPDATE CASCADE ON DELETE RESTRICT;


--
-- Name: UserRole UserRole_roleId_fkey; Type: FK CONSTRAINT; Schema: public; Owner: applizor
--

ALTER TABLE ONLY public."UserRole"
    ADD CONSTRAINT "UserRole_roleId_fkey" FOREIGN KEY ("roleId") REFERENCES public."Role"(id) ON UPDATE CASCADE ON DELETE CASCADE;


--
-- Name: UserRole UserRole_userId_fkey; Type: FK CONSTRAINT; Schema: public; Owner: applizor
--

ALTER TABLE ONLY public."UserRole"
    ADD CONSTRAINT "UserRole_userId_fkey" FOREIGN KEY ("userId") REFERENCES public."User"(id) ON UPDATE CASCADE ON DELETE CASCADE;


--
-- Name: User User_companyId_fkey; Type: FK CONSTRAINT; Schema: public; Owner: applizor
--

ALTER TABLE ONLY public."User"
    ADD CONSTRAINT "User_companyId_fkey" FOREIGN KEY ("companyId") REFERENCES public."Company"(id) ON UPDATE CASCADE ON DELETE SET NULL;


--
-- Name: quotation_templates quotation_templates_companyId_fkey; Type: FK CONSTRAINT; Schema: public; Owner: applizor
--

ALTER TABLE ONLY public.quotation_templates
    ADD CONSTRAINT "quotation_templates_companyId_fkey" FOREIGN KEY ("companyId") REFERENCES public."Company"(id) ON UPDATE CASCADE ON DELETE CASCADE;


--
-- Name: SCHEMA public; Type: ACL; Schema: -; Owner: applizor
--

REVOKE USAGE ON SCHEMA public FROM PUBLIC;


--
-- PostgreSQL database dump complete
--

\unrestrict Xqt8cpiPoiPv3Ep3DQgTa4YKEULzmkLX7DUEint06i3SxR01oACKwENvsqU14CM

